Experiment Name,Model,Window,Eval Date,Num Samples,TN_@k=50,FP_@k=50,FN_@k=50,TP_@k=50,TN_@p>=0.5,FP_@p>=0.5,FN_@p>=0.5,TP_@p>=0.5,precision_@k=50,precision_@p>=0.5,recall_@k=50,recall_@p>=0.5,accuracy_@k=50,accuracy_@p>=0.5,balanced_acc_@k=50,balanced_acc_@p>=0.5,f1_score_@k=50,f1_score_@p>=0.5,log_loss,roc_auc_score,brier_score_loss,Prediction Source,Referral Source,Result Output,Start Time,End Time,Total Time
Version 1.0,lin_reg,201601-201607,201601,499,446.00000,50.00000, 3.00000, 0.00000,239.00000,257.00000, 1.00000, 2.00000, 0.00000, 0.00772, 0.00000, 0.66667, 0.89379, 0.48297, 0.44960, 0.57426, 0.00000, 0.01527, 1.06484, 0.67742, 0.35288,predictions.csv,referrals.csv,results.csv,2020-06-21 21:29:08.517470-04:00,2020-06-21 21:29:08.542403-04:00,0 days 00:00:00.024933000
Version 1.0,rand_forest,201601-201607,201601,499,446.00000,50.00000, 3.00000, 0.00000,242.00000,254.00000, 1.00000, 2.00000, 0.00000, 0.00781, 0.00000, 0.66667, 0.89379, 0.48898, 0.44960, 0.57728, 0.00000, 0.01544, 1.03633, 0.37366, 0.34200,predictions.csv,referrals.csv,results.csv,2020-06-21 21:29:08.545395-04:00,2020-06-21 21:29:08.553374-04:00,0 days 00:00:00.007979000
Version 1.0,xg_boost,201601-201607,201601,499,446.00000,50.00000, 3.00000, 0.00000,244.00000,252.00000, 2.00000, 1.00000, 0.00000, 0.00395, 0.00000, 0.33333, 0.89379, 0.49098, 0.44960, 0.41263, 0.00000, 0.00781, 0.95829, 0.43280, 0.33071,predictions.csv,referrals.csv,results.csv,2020-06-21 21:29:08.554371-04:00,2020-06-21 21:29:08.562356-04:00,0 days 00:00:00.007985000
Version 1.0,sgmm,201601-201607,201601,499,447.00000,49.00000, 2.00000, 1.00000,258.00000,238.00000, 0.00000, 3.00000, 0.02000, 0.01245, 0.33333, 1.00000, 0.89780, 0.52305, 0.61727, 0.76008, 0.03774, 0.02459, 0.92405, 0.85820, 0.31278,predictions.csv,referrals.csv,results.csv,2020-06-21 21:29:08.562356-04:00,2020-06-21 21:29:08.570328-04:00,0 days 00:00:00.007972000
Version 1.0,lin_reg,201602-201608,201602,499,443.00000,50.00000, 6.00000, 0.00000,244.00000,249.00000, 4.00000, 2.00000, 0.00000, 0.00797, 0.00000, 0.33333, 0.88778, 0.49299, 0.44929, 0.41413, 0.00000, 0.01556, 0.97500, 0.37627, 0.32901,predictions.csv,referrals.csv,results.csv,2020-06-21 21:29:08.719820-04:00,2020-06-21 21:29:08.745616-04:00,0 days 00:00:00.025796000
Version 1.0,rand_forest,201602-201608,201602,499,443.00000,50.00000, 6.00000, 0.00000,256.00000,237.00000, 3.00000, 3.00000, 0.00000, 0.01250, 0.00000, 0.50000, 0.88778, 0.51904, 0.44929, 0.50963, 0.00000, 0.02439, 0.98569, 0.36883, 0.32667,predictions.csv,referrals.csv,results.csv,2020-06-21 21:29:08.747619-04:00,2020-06-21 21:29:08.755613-04:00,0 days 00:00:00.007994000
Version 1.0,xg_boost,201602-201608,201602,499,443.00000,50.00000, 6.00000, 0.00000,242.00000,251.00000, 5.00000, 1.00000, 0.00000, 0.00397, 0.00000, 0.16667, 0.88778, 0.48697, 0.44929, 0.32877, 0.00000, 0.00775, 0.99408, 0.29986, 0.33544,predictions.csv,referrals.csv,results.csv,2020-06-21 21:29:08.756614-04:00,2020-06-21 21:29:08.764578-04:00,0 days 00:00:00.007964000
Version 1.0,sgmm,201602-201608,201602,499,443.00000,50.00000, 6.00000, 0.00000,235.00000,258.00000, 4.00000, 2.00000, 0.00000, 0.00769, 0.00000, 0.33333, 0.88778, 0.47495, 0.44929, 0.40500, 0.00000, 0.01504, 1.00171, 0.34145, 0.34155,predictions.csv,referrals.csv,results.csv,2020-06-21 21:29:08.764578-04:00,2020-06-21 21:29:08.772487-04:00,0 days 00:00:00.007909000
Version 1.0,lin_reg,201603-201609,201603,498,442.00000,50.00000, 6.00000, 0.00000,237.00000,255.00000, 4.00000, 2.00000, 0.00000, 0.00778, 0.00000, 0.33333, 0.88755, 0.47992, 0.44919, 0.40752, 0.00000, 0.01521, 1.04957, 0.38347, 0.34471,predictions.csv,referrals.csv,results.csv,2020-06-21 21:29:08.924037-04:00,2020-06-21 21:29:08.947973-04:00,0 days 00:00:00.023936000
Version 1.0,rand_forest,201603-201609,201603,498,442.00000,50.00000, 6.00000, 0.00000,253.00000,239.00000, 3.00000, 3.00000, 0.00000, 0.01240, 0.00000, 0.50000, 0.88755, 0.51406, 0.44919, 0.50711, 0.00000, 0.02419, 0.99961, 0.51524, 0.33515,predictions.csv,referrals.csv,results.csv,2020-06-21 21:29:08.949967-04:00,2020-06-21 21:29:08.957946-04:00,0 days 00:00:00.007979000
Version 1.0,xg_boost,201603-201609,201603,498,443.00000,49.00000, 5.00000, 1.00000,246.00000,246.00000, 3.00000, 3.00000, 0.02000, 0.01205, 0.16667, 0.50000, 0.89157, 0.50000, 0.53354, 0.50000, 0.03571, 0.02353, 0.95363, 0.47459, 0.32648,predictions.csv,referrals.csv,results.csv,2020-06-21 21:29:08.958943-04:00,2020-06-21 21:29:08.965925-04:00,0 days 00:00:00.006982000
Version 1.0,sgmm,201603-201609,201603,498,443.00000,49.00000, 5.00000, 1.00000,248.00000,244.00000, 3.00000, 3.00000, 0.02000, 0.01215, 0.16667, 0.50000, 0.89157, 0.50402, 0.53354, 0.50203, 0.03571, 0.02372, 1.03810, 0.43056, 0.34485,predictions.csv,referrals.csv,results.csv,2020-06-21 21:29:08.966922-04:00,2020-06-21 21:29:08.977893-04:00,0 days 00:00:00.010971000
Version 1.0,lin_reg,201604-201610,201604,498,442.00000,50.00000, 6.00000, 0.00000,243.00000,249.00000, 2.00000, 4.00000, 0.00000, 0.01581, 0.00000, 0.66667, 0.88755, 0.49598, 0.44919, 0.58028, 0.00000, 0.03089, 1.01368, 0.52778, 0.33467,predictions.csv,referrals.csv,results.csv,2020-06-21 21:29:09.132450-04:00,2020-06-21 21:29:09.172057-04:00,0 days 00:00:00.039607000
Version 1.0,rand_forest,201604-201610,201604,498,442.00000,50.00000, 6.00000, 0.00000,258.00000,234.00000, 3.00000, 3.00000, 0.00000, 0.01266, 0.00000, 0.50000, 0.88755, 0.52410, 0.44919, 0.51220, 0.00000, 0.02469, 0.95621, 0.52337, 0.31715,predictions.csv,referrals.csv,results.csv,2020-06-21 21:29:09.174994-04:00,2020-06-21 21:29:09.185965-04:00,0 days 00:00:00.010971000
Version 1.0,xg_boost,201604-201610,201604,498,442.00000,50.00000, 6.00000, 0.00000,238.00000,254.00000, 3.00000, 3.00000, 0.00000, 0.01167, 0.00000, 0.50000, 0.88755, 0.48394, 0.44919, 0.49187, 0.00000, 0.02281, 1.02920, 0.51186, 0.34886,predictions.csv,referrals.csv,results.csv,2020-06-21 21:29:09.185965-04:00,2020-06-21 21:29:09.195938-04:00,0 days 00:00:00.009973000
Version 1.0,sgmm,201604-201610,201604,498,442.00000,50.00000, 6.00000, 0.00000,267.00000,225.00000, 2.00000, 4.00000, 0.00000, 0.01747, 0.00000, 0.66667, 0.88755, 0.54418, 0.44919, 0.60467, 0.00000, 0.03404, 0.89872, 0.52744, 0.30222,predictions.csv,referrals.csv,results.csv,2020-06-21 21:29:09.196935-04:00,2020-06-21 21:29:09.204913-04:00,0 days 00:00:00.007978000
Version 1.0,lin_reg,201605-201611,201605,497,441.00000,50.00000, 6.00000, 0.00000,250.00000,241.00000, 6.00000, 0.00000, 0.00000, 0.00000, 0.00000, 0.00000, 0.88732, 0.50302, 0.44908, 0.25458, 0.00000, 0.00000, 0.97942, 0.35777, 0.32590,predictions.csv,referrals.csv,results.csv,2020-06-21 21:29:09.358590-04:00,2020-06-21 21:29:09.384628-04:00,0 days 00:00:00.026038000
Version 1.0,rand_forest,201605-201611,201605,497,441.00000,50.00000, 6.00000, 0.00000,237.00000,254.00000, 5.00000, 1.00000, 0.00000, 0.00392, 0.00000, 0.16667, 0.88732, 0.47887, 0.44908, 0.32468, 0.00000, 0.00766, 1.01507, 0.26188, 0.33901,predictions.csv,referrals.csv,results.csv,2020-06-21 21:29:09.387620-04:00,2020-06-21 21:29:09.397882-04:00,0 days 00:00:00.010262000
Version 1.0,xg_boost,201605-201611,201605,497,441.00000,50.00000, 6.00000, 0.00000,246.00000,245.00000, 1.00000, 5.00000, 0.00000, 0.02000, 0.00000, 0.83333, 0.88732, 0.50503, 0.44908, 0.66718, 0.00000, 0.03906, 0.98744, 0.66124, 0.33091,predictions.csv,referrals.csv,results.csv,2020-06-21 21:29:09.398857-04:00,2020-06-21 21:29:09.407863-04:00,0 days 00:00:00.009006000
Version 1.0,sgmm,201605-201611,201605,497,441.00000,50.00000, 6.00000, 0.00000,263.00000,228.00000, 3.00000, 3.00000, 0.00000, 0.01299, 0.00000, 0.50000, 0.88732, 0.53521, 0.44908, 0.51782, 0.00000, 0.02532, 0.98665, 0.42702, 0.32395,predictions.csv,referrals.csv,results.csv,2020-06-21 21:29:09.408861-04:00,2020-06-21 21:29:09.416820-04:00,0 days 00:00:00.007959000
Version 1.0,lin_reg,201606-201612,201606,496,441.00000,50.00000, 5.00000, 0.00000,237.00000,254.00000, 3.00000, 2.00000, 0.00000, 0.00781, 0.00000, 0.40000, 0.88911, 0.48185, 0.44908, 0.44134, 0.00000, 0.01533, 0.99491, 0.51853, 0.33651,predictions.csv,referrals.csv,results.csv,2020-06-21 21:29:09.575887-04:00,2020-06-21 21:29:09.601987-04:00,0 days 00:00:00.026100000
Version 1.0,rand_forest,201606-201612,201606,496,442.00000,49.00000, 4.00000, 1.00000,239.00000,252.00000, 3.00000, 2.00000, 0.02000, 0.00787, 0.20000, 0.40000, 0.89315, 0.48589, 0.55010, 0.44338, 0.03636, 0.01544, 0.94912, 0.42037, 0.32930,predictions.csv,referrals.csv,results.csv,2020-06-21 21:29:09.604909-04:00,2020-06-21 21:29:09.612895-04:00,0 days 00:00:00.007986000
Version 1.0,xg_boost,201606-201612,201606,496,442.00000,49.00000, 4.00000, 1.00000,245.00000,246.00000, 3.00000, 2.00000, 0.02000, 0.00806, 0.20000, 0.40000, 0.89315, 0.49798, 0.55010, 0.44949, 0.03636, 0.01581, 0.94510, 0.51365, 0.32423,predictions.csv,referrals.csv,results.csv,2020-06-21 21:29:09.613889-04:00,2020-06-21 21:29:09.621879-04:00,0 days 00:00:00.007990000
Version 1.0,sgmm,201606-201612,201606,496,442.00000,49.00000, 4.00000, 1.00000,245.00000,246.00000, 2.00000, 3.00000, 0.02000, 0.01205, 0.20000, 0.60000, 0.89315, 0.50000, 0.55010, 0.54949, 0.03636, 0.02362, 1.00273, 0.57637, 0.33431,predictions.csv,referrals.csv,results.csv,2020-06-21 21:29:09.621879-04:00,2020-06-21 21:29:09.629870-04:00,0 days 00:00:00.007991000
Version 1.0,lin_reg,201607-201701,201607,496,441.00000,49.00000, 5.00000, 1.00000,251.00000,239.00000, 4.00000, 2.00000, 0.02000, 0.00830, 0.16667, 0.33333, 0.89113, 0.51008, 0.53333, 0.42279, 0.03571, 0.01619, 1.00901, 0.45612, 0.33368,predictions.csv,referrals.csv,results.csv,2020-06-21 21:29:09.801933-04:00,2020-06-21 21:29:09.826886-04:00,0 days 00:00:00.024953000
Version 1.0,rand_forest,201607-201701,201607,496,441.00000,49.00000, 5.00000, 1.00000,255.00000,235.00000, 4.00000, 2.00000, 0.02000, 0.00844, 0.16667, 0.33333, 0.89113, 0.51815, 0.53333, 0.42687, 0.03571, 0.01646, 0.90987, 0.56905, 0.30925,predictions.csv,referrals.csv,results.csv,2020-06-21 21:29:09.829878-04:00,2020-06-21 21:29:09.836891-04:00,0 days 00:00:00.007013000
Version 1.0,xg_boost,201607-201701,201607,496,440.00000,50.00000, 6.00000, 0.00000,245.00000,245.00000, 3.00000, 3.00000, 0.00000, 0.01210, 0.00000, 0.50000, 0.88710, 0.50000, 0.44898, 0.50000, 0.00000, 0.02362, 0.98305, 0.36701, 0.33291,predictions.csv,referrals.csv,results.csv,2020-06-21 21:29:09.837895-04:00,2020-06-21 21:29:09.845891-04:00,0 days 00:00:00.007996000
Version 1.0,sgmm,201607-201701,201607,496,442.00000,48.00000, 4.00000, 2.00000,273.00000,217.00000, 3.00000, 3.00000, 0.04000, 0.01364, 0.33333, 0.50000, 0.89516, 0.55645, 0.61769, 0.52857, 0.07143, 0.02655, 0.88649, 0.55340, 0.29871,predictions.csv,referrals.csv,results.csv,2020-06-21 21:29:09.846888-04:00,2020-06-21 21:29:09.854892-04:00,0 days 00:00:00.008004000
Version 1.0,lin_reg,201608-201702,201608,496,442.00000,48.00000, 4.00000, 2.00000,260.00000,230.00000, 2.00000, 4.00000, 0.04000, 0.01709, 0.33333, 0.66667, 0.89516, 0.53226, 0.61769, 0.59864, 0.07143, 0.03333, 0.93363, 0.62279, 0.30957,predictions.csv,referrals.csv,results.csv,2020-06-21 21:29:10.005712-04:00,2020-06-21 21:29:10.031677-04:00,0 days 00:00:00.025965000
Version 1.0,rand_forest,201608-201702,201608,496,441.00000,49.00000, 5.00000, 1.00000,273.00000,217.00000, 4.00000, 2.00000, 0.02000, 0.00913, 0.16667, 0.33333, 0.89113, 0.55444, 0.53333, 0.44524, 0.03571, 0.01778, 0.88498, 0.48129, 0.30083,predictions.csv,referrals.csv,results.csv,2020-06-21 21:29:10.034085-04:00,2020-06-21 21:29:10.042085-04:00,0 days 00:00:00.008000000
Version 1.0,xg_boost,201608-201702,201608,496,440.00000,50.00000, 6.00000, 0.00000,229.00000,261.00000, 3.00000, 3.00000, 0.00000, 0.01136, 0.00000, 0.50000, 0.88710, 0.46774, 0.44898, 0.48367, 0.00000, 0.02222, 1.06175, 0.44626, 0.35622,predictions.csv,referrals.csv,results.csv,2020-06-21 21:29:10.043098-04:00,2020-06-21 21:29:10.051084-04:00,0 days 00:00:00.007986000
Version 1.0,sgmm,201608-201702,201608,496,442.00000,48.00000, 4.00000, 2.00000,247.00000,243.00000, 2.00000, 4.00000, 0.04000, 0.01619, 0.33333, 0.66667, 0.89516, 0.50605, 0.61769, 0.58537, 0.07143, 0.03162, 0.99843, 0.58435, 0.33099,predictions.csv,referrals.csv,results.csv,2020-06-21 21:29:10.052081-04:00,2020-06-21 21:29:10.060060-04:00,0 days 00:00:00.007979000
Version 1.0,lin_reg,201609-201703,201609,494,442.00000,49.00000, 2.00000, 1.00000,229.00000,262.00000, 1.00000, 2.00000, 0.02000, 0.00758, 0.33333, 0.66667, 0.89676, 0.46761, 0.61677, 0.56653, 0.03774, 0.01498, 1.02902, 0.60828, 0.34567,predictions.csv,referrals.csv,results.csv,2020-06-21 21:29:10.219626-04:00,2020-06-21 21:29:10.245682-04:00,0 days 00:00:00.026056000
Version 1.0,rand_forest,201609-201703,201609,494,441.00000,50.00000, 3.00000, 0.00000,225.00000,266.00000, 1.00000, 2.00000, 0.00000, 0.00746, 0.00000, 0.66667, 0.89271, 0.45951, 0.44908, 0.56246, 0.00000, 0.01476, 1.07645, 0.47115, 0.35639,predictions.csv,referrals.csv,results.csv,2020-06-21 21:29:10.247669-04:00,2020-06-21 21:29:10.256636-04:00,0 days 00:00:00.008967000
Version 1.0,xg_boost,201609-201703,201609,494,441.00000,50.00000, 3.00000, 0.00000,251.00000,240.00000, 1.00000, 2.00000, 0.00000, 0.00826, 0.00000, 0.66667, 0.89271, 0.51215, 0.44908, 0.58893, 0.00000, 0.01633, 1.00953, 0.58045, 0.33704,predictions.csv,referrals.csv,results.csv,2020-06-21 21:29:10.257622-04:00,2020-06-21 21:29:10.266175-04:00,0 days 00:00:00.008553000
Version 1.0,sgmm,201609-201703,201609,494,441.00000,50.00000, 3.00000, 0.00000,210.00000,281.00000, 3.00000, 0.00000, 0.00000, 0.00000, 0.00000, 0.00000, 0.89271, 0.42510, 0.44908, 0.21385, 0.00000, 0.00000, 1.10819, 0.20978, 0.37421,predictions.csv,referrals.csv,results.csv,2020-06-21 21:29:10.266175-04:00,2020-06-21 21:29:10.274326-04:00,0 days 00:00:00.008151000
Version 1.0,lin_reg,201610-201704,201610,493,440.00000,48.00000, 3.00000, 2.00000,254.00000,234.00000, 1.00000, 4.00000, 0.04000, 0.01681, 0.40000, 0.80000, 0.89655, 0.52333, 0.65082, 0.66025, 0.07273, 0.03292, 0.91864, 0.75984, 0.31182,predictions.csv,referrals.csv,results.csv,2020-06-21 21:29:10.428438-04:00,2020-06-21 21:29:10.453497-04:00,0 days 00:00:00.025059000
Version 1.0,rand_forest,201610-201704,201610,493,438.00000,50.00000, 5.00000, 0.00000,232.00000,256.00000, 4.00000, 1.00000, 0.00000, 0.00389, 0.00000, 0.20000, 0.88844, 0.47262, 0.44877, 0.33770, 0.00000, 0.00763, 1.04146, 0.31885, 0.34914,predictions.csv,referrals.csv,results.csv,2020-06-21 21:29:10.456463-04:00,2020-06-21 21:29:10.465437-04:00,0 days 00:00:00.008974000
Version 1.0,xg_boost,201610-201704,201610,493,438.00000,50.00000, 5.00000, 0.00000,250.00000,238.00000, 3.00000, 2.00000, 0.00000, 0.00833, 0.00000, 0.40000, 0.88844, 0.51116, 0.44877, 0.45615, 0.00000, 0.01633, 0.94756, 0.46516, 0.31759,predictions.csv,referrals.csv,results.csv,2020-06-21 21:29:10.466462-04:00,2020-06-21 21:29:10.477999-04:00,0 days 00:00:00.011537000
Version 1.0,sgmm,201610-201704,201610,493,438.00000,50.00000, 5.00000, 0.00000,255.00000,233.00000, 5.00000, 0.00000, 0.00000, 0.00000, 0.00000, 0.00000, 0.88844, 0.51724, 0.44877, 0.26127, 0.00000, 0.00000, 0.94047, 0.27848, 0.31988,predictions.csv,referrals.csv,results.csv,2020-06-21 21:29:10.478982-04:00,2020-06-21 21:29:10.488976-04:00,0 days 00:00:00.009994000
Version 1.0,lin_reg,201611-201705,201611,494,439.00000,50.00000, 5.00000, 0.00000,228.00000,261.00000, 0.00000, 5.00000, 0.00000, 0.01880, 0.00000, 1.00000, 0.88866, 0.47166, 0.44888, 0.73313, 0.00000, 0.03690, 1.01565, 0.64949, 0.33995,predictions.csv,referrals.csv,results.csv,2020-06-21 21:29:10.648801-04:00,2020-06-21 21:29:10.683726-04:00,0 days 00:00:00.034925000
Version 1.0,rand_forest,201611-201705,201611,494,439.00000,50.00000, 5.00000, 0.00000,258.00000,231.00000, 4.00000, 1.00000, 0.00000, 0.00431, 0.00000, 0.20000, 0.88866, 0.52429, 0.44888, 0.36380, 0.00000, 0.00844, 0.96724, 0.40123, 0.32323,predictions.csv,referrals.csv,results.csv,2020-06-21 21:29:10.686718-04:00,2020-06-21 21:29:10.695694-04:00,0 days 00:00:00.008976000
Version 1.0,xg_boost,201611-201705,201611,494,440.00000,49.00000, 4.00000, 1.00000,233.00000,256.00000, 2.00000, 3.00000, 0.02000, 0.01158, 0.20000, 0.60000, 0.89271, 0.47773, 0.54990, 0.53824, 0.03636, 0.02273, 1.05893, 0.50143, 0.34841,predictions.csv,referrals.csv,results.csv,2020-06-21 21:29:10.695694-04:00,2020-06-21 21:29:10.706670-04:00,0 days 00:00:00.010976000
Version 1.0,sgmm,201611-201705,201611,494,439.00000,50.00000, 5.00000, 0.00000,233.00000,256.00000, 0.00000, 5.00000, 0.00000, 0.01916, 0.00000, 1.00000, 0.88866, 0.48178, 0.44888, 0.73824, 0.00000, 0.03759, 0.99723, 0.74233, 0.33852,predictions.csv,referrals.csv,results.csv,2020-06-21 21:29:10.706670-04:00,2020-06-21 21:29:10.715661-04:00,0 days 00:00:00.008991000
Version 1.0,lin_reg,201612-201706,201612,494,440.00000,50.00000, 4.00000, 0.00000,226.00000,264.00000, 4.00000, 0.00000, 0.00000, 0.00000, 0.00000, 0.00000, 0.89069, 0.45749, 0.44898, 0.23061, 0.00000, 0.00000, 1.06694, 0.21684, 0.36150,predictions.csv,referrals.csv,results.csv,2020-06-21 21:29:10.882245-04:00,2020-06-21 21:29:10.908788-04:00,0 days 00:00:00.026543000
Version 1.0,rand_forest,201612-201706,201612,494,440.00000,50.00000, 4.00000, 0.00000,239.00000,251.00000, 3.00000, 1.00000, 0.00000, 0.00397, 0.00000, 0.25000, 0.89069, 0.48583, 0.44898, 0.36888, 0.00000, 0.00781, 1.01512, 0.37806, 0.34741,predictions.csv,referrals.csv,results.csv,2020-06-21 21:29:10.910783-04:00,2020-06-21 21:29:10.918777-04:00,0 days 00:00:00.007994000
Version 1.0,xg_boost,201612-201706,201612,494,440.00000,50.00000, 4.00000, 0.00000,256.00000,234.00000, 2.00000, 2.00000, 0.00000, 0.00847, 0.00000, 0.50000, 0.89069, 0.52227, 0.44898, 0.51122, 0.00000, 0.01667, 0.93021, 0.54439, 0.31620,predictions.csv,referrals.csv,results.csv,2020-06-21 21:29:10.919775-04:00,2020-06-21 21:29:10.927727-04:00,0 days 00:00:00.007952000
Version 1.0,sgmm,201612-201706,201612,494,440.00000,50.00000, 4.00000, 0.00000,254.00000,236.00000, 2.00000, 2.00000, 0.00000, 0.00840, 0.00000, 0.50000, 0.89069, 0.51822, 0.44898, 0.50918, 0.00000, 0.01653, 0.92305, 0.56582, 0.31800,predictions.csv,referrals.csv,results.csv,2020-06-21 21:29:10.928727-04:00,2020-06-21 21:29:10.936657-04:00,0 days 00:00:00.007930000
Version 1.0,lin_reg,201701-201707,201701,494,441.00000,49.00000, 3.00000, 1.00000,244.00000,246.00000, 1.00000, 3.00000, 0.02000, 0.01205, 0.25000, 0.75000, 0.89474, 0.50000, 0.57500, 0.62398, 0.03704, 0.02372, 1.01242, 0.60867, 0.33752,predictions.csv,referrals.csv,results.csv,2020-06-21 21:29:11.088254-04:00,2020-06-21 21:29:11.114634-04:00,0 days 00:00:00.026380000
Version 1.0,rand_forest,201701-201707,201701,494,441.00000,49.00000, 3.00000, 1.00000,249.00000,241.00000, 3.00000, 1.00000, 0.02000, 0.00413, 0.25000, 0.25000, 0.89474, 0.50607, 0.57500, 0.37908, 0.03704, 0.00813, 0.98256, 0.36888, 0.33307,predictions.csv,referrals.csv,results.csv,2020-06-21 21:29:11.116649-04:00,2020-06-21 21:29:11.125622-04:00,0 days 00:00:00.008973000
Version 1.0,xg_boost,201701-201707,201701,494,441.00000,49.00000, 3.00000, 1.00000,254.00000,236.00000, 2.00000, 2.00000, 0.02000, 0.00840, 0.25000, 0.50000, 0.89474, 0.51822, 0.57500, 0.50918, 0.03704, 0.01653, 0.95964, 0.64388, 0.32115,predictions.csv,referrals.csv,results.csv,2020-06-21 21:29:11.125622-04:00,2020-06-21 21:29:11.134605-04:00,0 days 00:00:00.008983000
Version 1.0,sgmm,201701-201707,201701,494,440.00000,50.00000, 4.00000, 0.00000,261.00000,229.00000, 2.00000, 2.00000, 0.00000, 0.00866, 0.00000, 0.50000, 0.89069, 0.53239, 0.44898, 0.51633, 0.00000, 0.01702, 0.98363, 0.56990, 0.31830,predictions.csv,referrals.csv,results.csv,2020-06-21 21:29:11.135618-04:00,2020-06-21 21:29:11.143591-04:00,0 days 00:00:00.007973000
Version 1.0,lin_reg,201702-201708,201702,493,438.00000,50.00000, 5.00000, 0.00000,246.00000,242.00000, 2.00000, 3.00000, 0.00000, 0.01224, 0.00000, 0.60000, 0.88844, 0.50507, 0.44877, 0.55205, 0.00000, 0.02400, 1.02153, 0.48033, 0.33649,predictions.csv,referrals.csv,results.csv,2020-06-21 21:29:11.303545-04:00,2020-06-21 21:29:11.330453-04:00,0 days 00:00:00.026908000
Version 1.0,rand_forest,201702-201708,201702,493,438.00000,50.00000, 5.00000, 0.00000,268.00000,220.00000, 2.00000, 3.00000, 0.00000, 0.01345, 0.00000, 0.60000, 0.88844, 0.54970, 0.44877, 0.57459, 0.00000, 0.02632, 0.88647, 0.57623, 0.30052,predictions.csv,referrals.csv,results.csv,2020-06-21 21:29:11.334457-04:00,2020-06-21 21:29:11.343609-04:00,0 days 00:00:00.009152000
Version 1.0,xg_boost,201702-201708,201702,493,440.00000,48.00000, 3.00000, 2.00000,249.00000,239.00000, 0.00000, 5.00000, 0.04000, 0.02049, 0.40000, 1.00000, 0.89655, 0.51521, 0.65082, 0.75512, 0.07273, 0.04016, 0.94740, 0.81230, 0.31501,predictions.csv,referrals.csv,results.csv,2020-06-21 21:29:11.343609-04:00,2020-06-21 21:29:11.352623-04:00,0 days 00:00:00.009014000
Version 1.0,sgmm,201702-201708,201702,493,438.00000,50.00000, 5.00000, 0.00000,220.00000,268.00000, 2.00000, 3.00000, 0.00000, 0.01107, 0.00000, 0.60000, 0.88844, 0.45233, 0.44877, 0.52541, 0.00000, 0.02174, 1.08004, 0.51066, 0.35989,predictions.csv,referrals.csv,results.csv,2020-06-21 21:29:11.353619-04:00,2020-06-21 21:29:11.361605-04:00,0 days 00:00:00.007986000
Version 1.0,lin_reg,201703-201709,201703,496,440.00000,50.00000, 6.00000, 0.00000,242.00000,248.00000, 2.00000, 4.00000, 0.00000, 0.01587, 0.00000, 0.66667, 0.88710, 0.49597, 0.44898, 0.58027, 0.00000, 0.03101, 0.94699, 0.62449, 0.32162,predictions.csv,referrals.csv,results.csv,2020-06-21 21:29:11.514827-04:00,2020-06-21 21:29:11.539797-04:00,0 days 00:00:00.024970000
Version 1.0,rand_forest,201703-201709,201703,496,440.00000,50.00000, 6.00000, 0.00000,253.00000,237.00000, 4.00000, 2.00000, 0.00000, 0.00837, 0.00000, 0.33333, 0.88710, 0.51411, 0.44898, 0.42483, 0.00000, 0.01633, 0.93192, 0.47381, 0.31634,predictions.csv,referrals.csv,results.csv,2020-06-21 21:29:11.542807-04:00,2020-06-21 21:29:11.552766-04:00,0 days 00:00:00.009959000
Version 1.0,xg_boost,201703-201709,201703,496,442.00000,48.00000, 4.00000, 2.00000,244.00000,246.00000, 3.00000, 3.00000, 0.04000, 0.01205, 0.33333, 0.50000, 0.89516, 0.49798, 0.61769, 0.49898, 0.07143, 0.02353, 1.00624, 0.50714, 0.33706,predictions.csv,referrals.csv,results.csv,2020-06-21 21:29:11.553743-04:00,2020-06-21 21:29:11.561736-04:00,0 days 00:00:00.007993000
Version 1.0,sgmm,201703-201709,201703,496,441.00000,49.00000, 5.00000, 1.00000,251.00000,239.00000, 2.00000, 4.00000, 0.02000, 0.01646, 0.16667, 0.66667, 0.89113, 0.51411, 0.53333, 0.58946, 0.03571, 0.03213, 0.99037, 0.58639, 0.32927,predictions.csv,referrals.csv,results.csv,2020-06-21 21:29:11.562726-04:00,2020-06-21 21:29:11.570697-04:00,0 days 00:00:00.007971000
Version 1.0,lin_reg,201704-201710,201704,497,443.00000,48.00000, 4.00000, 2.00000,263.00000,228.00000, 3.00000, 3.00000, 0.04000, 0.01299, 0.33333, 0.50000, 0.89537, 0.53521, 0.61779, 0.51782, 0.07143, 0.02532, 0.96311, 0.57943, 0.31665,predictions.csv,referrals.csv,results.csv,2020-06-21 21:29:11.729244-04:00,2020-06-21 21:29:11.755769-04:00,0 days 00:00:00.026525000
Version 1.0,rand_forest,201704-201710,201704,497,442.00000,49.00000, 5.00000, 1.00000,237.00000,254.00000, 2.00000, 4.00000, 0.02000, 0.01550, 0.16667, 0.66667, 0.89135, 0.48491, 0.53344, 0.57468, 0.03571, 0.03030, 0.95774, 0.64358, 0.33170,predictions.csv,referrals.csv,results.csv,2020-06-21 21:29:11.757772-04:00,2020-06-21 21:29:11.766754-04:00,0 days 00:00:00.008982000
Version 1.0,xg_boost,201704-201710,201704,497,442.00000,49.00000, 5.00000, 1.00000,253.00000,238.00000, 0.00000, 6.00000, 0.02000, 0.02459, 0.16667, 1.00000, 0.89135, 0.52113, 0.53344, 0.75764, 0.03571, 0.04800, 0.98153, 0.68432, 0.32645,predictions.csv,referrals.csv,results.csv,2020-06-21 21:29:11.766754-04:00,2020-06-21 21:29:11.774698-04:00,0 days 00:00:00.007944000
Version 1.0,sgmm,201704-201710,201704,497,441.00000,50.00000, 6.00000, 0.00000,232.00000,259.00000, 3.00000, 3.00000, 0.00000, 0.01145, 0.00000, 0.50000, 0.88732, 0.47284, 0.44908, 0.48625, 0.00000, 0.02239, 1.02490, 0.45078, 0.34383,predictions.csv,referrals.csv,results.csv,2020-06-21 21:29:11.775695-04:00,2020-06-21 21:29:11.784705-04:00,0 days 00:00:00.009010000
Version 1.0,lin_reg,201705-201711,201705,494,442.00000,49.00000, 2.00000, 1.00000,247.00000,244.00000, 1.00000, 2.00000, 0.02000, 0.00813, 0.33333, 0.66667, 0.89676, 0.50405, 0.61677, 0.58486, 0.03774, 0.01606, 0.99514, 0.64019, 0.33702,predictions.csv,referrals.csv,results.csv,2020-06-21 21:29:11.974786-04:00,2020-06-21 21:29:12.008696-04:00,0 days 00:00:00.033910000
Version 1.0,rand_forest,201705-201711,201705,494,441.00000,50.00000, 3.00000, 0.00000,236.00000,255.00000, 3.00000, 0.00000, 0.00000, 0.00000, 0.00000, 0.00000, 0.89271, 0.47773, 0.44908, 0.24033, 0.00000, 0.00000, 0.98485, 0.29396, 0.33695,predictions.csv,referrals.csv,results.csv,2020-06-21 21:29:12.011688-04:00,2020-06-21 21:29:12.022658-04:00,0 days 00:00:00.010970000
Version 1.0,xg_boost,201705-201711,201705,494,441.00000,50.00000, 3.00000, 0.00000,244.00000,247.00000, 1.00000, 2.00000, 0.00000, 0.00803, 0.00000, 0.66667, 0.89271, 0.49798, 0.44908, 0.58181, 0.00000, 0.01587, 1.01508, 0.50170, 0.33605,predictions.csv,referrals.csv,results.csv,2020-06-21 21:29:12.023656-04:00,2020-06-21 21:29:12.033629-04:00,0 days 00:00:00.009973000
Version 1.0,sgmm,201705-201711,201705,494,442.00000,49.00000, 2.00000, 1.00000,264.00000,227.00000, 1.00000, 2.00000, 0.02000, 0.00873, 0.33333, 0.66667, 0.89676, 0.53846, 0.61677, 0.60217, 0.03774, 0.01724, 0.91874, 0.66327, 0.30960,predictions.csv,referrals.csv,results.csv,2020-06-21 21:29:12.034626-04:00,2020-06-21 21:29:12.044600-04:00,0 days 00:00:00.009974000
Version 1.0,lin_reg,201706-201712,201706,495,443.00000,49.00000, 2.00000, 1.00000,247.00000,245.00000, 1.00000, 2.00000, 0.02000, 0.00810, 0.33333, 0.66667, 0.89697, 0.50303, 0.61687, 0.58435, 0.03774, 0.01600, 1.00736, 0.58062, 0.33504,predictions.csv,referrals.csv,results.csv,2020-06-21 21:29:12.218697-04:00,2020-06-21 21:29:12.247620-04:00,0 days 00:00:00.028923000
Version 1.0,rand_forest,201706-201712,201706,495,442.00000,50.00000, 3.00000, 0.00000,239.00000,253.00000, 3.00000, 0.00000, 0.00000, 0.00000, 0.00000, 0.00000, 0.89293, 0.48283, 0.44919, 0.24289, 0.00000, 0.00000, 1.02284, 0.19106, 0.33876,predictions.csv,referrals.csv,results.csv,2020-06-21 21:29:12.249615-04:00,2020-06-21 21:29:12.257593-04:00,0 days 00:00:00.007978000
Version 1.0,xg_boost,201706-201712,201706,495,442.00000,50.00000, 3.00000, 0.00000,233.00000,259.00000, 2.00000, 1.00000, 0.00000, 0.00385, 0.00000, 0.33333, 0.89293, 0.47273, 0.44919, 0.40346, 0.00000, 0.00760, 1.06578, 0.36247, 0.34974,predictions.csv,referrals.csv,results.csv,2020-06-21 21:29:12.258590-04:00,2020-06-21 21:29:12.267566-04:00,0 days 00:00:00.008976000
Version 1.0,sgmm,201706-201712,201706,495,442.00000,50.00000, 3.00000, 0.00000,253.00000,239.00000, 3.00000, 0.00000, 0.00000, 0.00000, 0.00000, 0.00000, 0.89293, 0.51111, 0.44919, 0.25711, 0.00000, 0.00000, 0.96646, 0.34146, 0.32276,predictions.csv,referrals.csv,results.csv,2020-06-21 21:29:12.267566-04:00,2020-06-21 21:29:12.276543-04:00,0 days 00:00:00.008977000
Version 1.0,lin_reg,201707-201801,201707,495,442.00000,50.00000, 3.00000, 0.00000,235.00000,257.00000, 2.00000, 1.00000, 0.00000, 0.00388, 0.00000, 0.33333, 0.89293, 0.47677, 0.44919, 0.40549, 0.00000, 0.00766, 1.06097, 0.27981, 0.34953,predictions.csv,referrals.csv,results.csv,2020-06-21 21:29:12.428052-04:00,2020-06-21 21:29:12.454488-04:00,0 days 00:00:00.026436000
Version 1.0,rand_forest,201707-201801,201707,495,442.00000,50.00000, 3.00000, 0.00000,255.00000,237.00000, 2.00000, 1.00000, 0.00000, 0.00420, 0.00000, 0.33333, 0.89293, 0.51717, 0.44919, 0.42581, 0.00000, 0.00830, 0.98401, 0.46477, 0.32102,predictions.csv,referrals.csv,results.csv,2020-06-21 21:29:12.456482-04:00,2020-06-21 21:29:12.464461-04:00,0 days 00:00:00.007979000
Version 1.0,xg_boost,201707-201801,201707,495,442.00000,50.00000, 3.00000, 0.00000,238.00000,254.00000, 1.00000, 2.00000, 0.00000, 0.00781, 0.00000, 0.66667, 0.89293, 0.48485, 0.44919, 0.57520, 0.00000, 0.01544, 1.03836, 0.64973, 0.34412,predictions.csv,referrals.csv,results.csv,2020-06-21 21:29:12.465458-04:00,2020-06-21 21:29:12.473437-04:00,0 days 00:00:00.007979000
Version 1.0,sgmm,201707-201801,201707,495,442.00000,50.00000, 3.00000, 0.00000,250.00000,242.00000, 2.00000, 1.00000, 0.00000, 0.00412, 0.00000, 0.33333, 0.89293, 0.50707, 0.44919, 0.42073, 0.00000, 0.00813, 1.00993, 0.36314, 0.34347,predictions.csv,referrals.csv,results.csv,2020-06-21 21:29:12.473437-04:00,2020-06-21 21:29:12.481416-04:00,0 days 00:00:00.007979000
Version 1.0,lin_reg,201708-201802,201708,496,443.00000,50.00000, 3.00000, 0.00000,249.00000,244.00000, 2.00000, 1.00000, 0.00000, 0.00408, 0.00000, 0.33333, 0.89315, 0.50403, 0.44929, 0.41920, 0.00000, 0.00806, 1.00624, 0.35159, 0.33774,predictions.csv,referrals.csv,results.csv,2020-06-21 21:29:12.633745-04:00,2020-06-21 21:29:12.658663-04:00,0 days 00:00:00.024918000
Version 1.0,rand_forest,201708-201802,201708,496,443.00000,50.00000, 3.00000, 0.00000,246.00000,247.00000, 2.00000, 1.00000, 0.00000, 0.00403, 0.00000, 0.33333, 0.89315, 0.49798, 0.44929, 0.41616, 0.00000, 0.00797, 1.00161, 0.51116, 0.33131,predictions.csv,referrals.csv,results.csv,2020-06-21 21:29:12.660658-04:00,2020-06-21 21:29:12.668637-04:00,0 days 00:00:00.007979000
Version 1.0,xg_boost,201708-201802,201708,496,444.00000,49.00000, 2.00000, 1.00000,250.00000,243.00000, 1.00000, 2.00000, 0.02000, 0.00816, 0.33333, 0.66667, 0.89718, 0.50806, 0.61697, 0.58688, 0.03774, 0.01613, 0.98982, 0.64097, 0.32475,predictions.csv,referrals.csv,results.csv,2020-06-21 21:29:12.669634-04:00,2020-06-21 21:29:12.681602-04:00,0 days 00:00:00.011968000
Version 1.0,sgmm,201708-201802,201708,496,443.00000,50.00000, 3.00000, 0.00000,254.00000,239.00000, 2.00000, 1.00000, 0.00000, 0.00417, 0.00000, 0.33333, 0.89315, 0.51411, 0.44929, 0.42427, 0.00000, 0.00823, 0.97079, 0.41447, 0.32791,predictions.csv,referrals.csv,results.csv,2020-06-21 21:29:12.682176-04:00,2020-06-21 21:29:12.690087-04:00,0 days 00:00:00.007911000
Version 1.0,lin_reg,201709-201803,201709,494,443.00000,50.00000, 1.00000, 0.00000,239.00000,254.00000, 0.00000, 1.00000, 0.00000, 0.00392, 0.00000, 1.00000, 0.89676, 0.48583, 0.44929, 0.74239, 0.00000, 0.00781, 0.99251, 0.81744, 0.33238,predictions.csv,referrals.csv,results.csv,2020-06-21 21:29:12.841900-04:00,2020-06-21 21:29:12.868869-04:00,0 days 00:00:00.026969000
Version 1.0,rand_forest,201709-201803,201709,494,443.00000,50.00000, 1.00000, 0.00000,246.00000,247.00000, 1.00000, 0.00000, 0.00000, 0.00000, 0.00000, 0.00000, 0.89676, 0.49798, 0.44929, 0.24949, 0.00000, 0.00000, 0.97754, 0.32049, 0.33147,predictions.csv,referrals.csv,results.csv,2020-06-21 21:29:12.871886-04:00,2020-06-21 21:29:12.879868-04:00,0 days 00:00:00.007982000
Version 1.0,xg_boost,201709-201803,201709,494,443.00000,50.00000, 1.00000, 0.00000,238.00000,255.00000, 0.00000, 1.00000, 0.00000, 0.00391, 0.00000, 1.00000, 0.89676, 0.48381, 0.44929, 0.74138, 0.00000, 0.00778, 1.00279, 0.73022, 0.34082,predictions.csv,referrals.csv,results.csv,2020-06-21 21:29:12.879868-04:00,2020-06-21 21:29:12.888352-04:00,0 days 00:00:00.008484000
Version 1.0,sgmm,201709-201803,201709,494,443.00000,50.00000, 1.00000, 0.00000,246.00000,247.00000, 0.00000, 1.00000, 0.00000, 0.00403, 0.00000, 1.00000, 0.89676, 0.50000, 0.44929, 0.74949, 0.00000, 0.00803, 1.01731, 0.76268, 0.33273,predictions.csv,referrals.csv,results.csv,2020-06-21 21:29:12.889369-04:00,2020-06-21 21:29:12.897360-04:00,0 days 00:00:00.007991000
Version 1.0,lin_reg,201710-201804,201710,493,443.00000,50.00000, 0.00000, 0.00000,243.00000,250.00000, 0.00000, 0.00000, 0.00000, 0.00000, 0.00000, 0.00000, 0.89858, 0.49290, 0.89858, 0.49290, 0.00000, 0.00000, 0.97385, 0.00000, 0.32229,predictions.csv,referrals.csv,results.csv,2020-06-21 21:29:13.048342-04:00,2020-06-21 21:29:13.075259-04:00,0 days 00:00:00.026917000
Version 1.0,rand_forest,201710-201804,201710,493,443.00000,50.00000, 0.00000, 0.00000,250.00000,243.00000, 0.00000, 0.00000, 0.00000, 0.00000, 0.00000, 0.00000, 0.89858, 0.50710, 0.89858, 0.50710, 0.00000, 0.00000, 0.98923, 0.00000, 0.33248,predictions.csv,referrals.csv,results.csv,2020-06-21 21:29:13.078251-04:00,2020-06-21 21:29:13.086756-04:00,0 days 00:00:00.008505000
Version 1.0,xg_boost,201710-201804,201710,493,443.00000,50.00000, 0.00000, 0.00000,246.00000,247.00000, 0.00000, 0.00000, 0.00000, 0.00000, 0.00000, 0.00000, 0.89858, 0.49899, 0.89858, 0.49899, 0.00000, 0.00000, 0.97613, 0.00000, 0.32795,predictions.csv,referrals.csv,results.csv,2020-06-21 21:29:13.087754-04:00,2020-06-21 21:29:13.095736-04:00,0 days 00:00:00.007982000
Version 1.0,sgmm,201710-201804,201710,493,443.00000,50.00000, 0.00000, 0.00000,241.00000,252.00000, 0.00000, 0.00000, 0.00000, 0.00000, 0.00000, 0.00000, 0.89858, 0.48884, 0.89858, 0.48884, 0.00000, 0.00000, 0.98860, 0.00000, 0.33089,predictions.csv,referrals.csv,results.csv,2020-06-21 21:29:13.096734-04:00,2020-06-21 21:29:13.105715-04:00,0 days 00:00:00.008981000
Version 1.0,lin_reg,201711-201805,201711,496,446.00000,50.00000, 0.00000, 0.00000,256.00000,240.00000, 0.00000, 0.00000, 0.00000, 0.00000, 0.00000, 0.00000, 0.89919, 0.51613, 0.89919, 0.51613, 0.00000, 0.00000, 0.92696, 0.00000, 0.31789,predictions.csv,referrals.csv,results.csv,2020-06-21 21:29:13.275880-04:00,2020-06-21 21:29:13.304885-04:00,0 days 00:00:00.029005000
Version 1.0,rand_forest,201711-201805,201711,496,446.00000,50.00000, 0.00000, 0.00000,238.00000,258.00000, 0.00000, 0.00000, 0.00000, 0.00000, 0.00000, 0.00000, 0.89919, 0.47984, 0.89919, 0.47984, 0.00000, 0.00000, 1.01762, 0.00000, 0.33770,predictions.csv,referrals.csv,results.csv,2020-06-21 21:29:13.306880-04:00,2020-06-21 21:29:13.315794-04:00,0 days 00:00:00.008914000
Version 1.0,xg_boost,201711-201805,201711,496,446.00000,50.00000, 0.00000, 0.00000,252.00000,244.00000, 0.00000, 0.00000, 0.00000, 0.00000, 0.00000, 0.00000, 0.89919, 0.50806, 0.89919, 0.50806, 0.00000, 0.00000, 0.99060, 0.00000, 0.33110,predictions.csv,referrals.csv,results.csv,2020-06-21 21:29:13.316791-04:00,2020-06-21 21:29:13.325771-04:00,0 days 00:00:00.008980000
Version 1.0,sgmm,201711-201805,201711,496,446.00000,50.00000, 0.00000, 0.00000,224.00000,272.00000, 0.00000, 0.00000, 0.00000, 0.00000, 0.00000, 0.00000, 0.89919, 0.45161, 0.89919, 0.45161, 0.00000, 0.00000, 1.11073, 0.00000, 0.36647,predictions.csv,referrals.csv,results.csv,2020-06-21 21:29:13.325771-04:00,2020-06-21 21:29:13.334747-04:00,0 days 00:00:00.008976000
Version 1.0,lin_reg,201712-201806,201712,496,446.00000,50.00000, 0.00000, 0.00000,237.00000,259.00000, 0.00000, 0.00000, 0.00000, 0.00000, 0.00000, 0.00000, 0.89919, 0.47782, 0.89919, 0.47782, 0.00000, 0.00000, 0.99847, 0.00000, 0.33520,predictions.csv,referrals.csv,results.csv,2020-06-21 21:29:13.492652-04:00,2020-06-21 21:29:13.518583-04:00,0 days 00:00:00.025931000
Version 1.0,rand_forest,201712-201806,201712,496,446.00000,50.00000, 0.00000, 0.00000,269.00000,227.00000, 0.00000, 0.00000, 0.00000, 0.00000, 0.00000, 0.00000, 0.89919, 0.54234, 0.89919, 0.54234, 0.00000, 0.00000, 0.96828, 0.00000, 0.31918,predictions.csv,referrals.csv,results.csv,2020-06-21 21:29:13.521575-04:00,2020-06-21 21:29:13.528580-04:00,0 days 00:00:00.007005000
Version 1.0,xg_boost,201712-201806,201712,496,446.00000,50.00000, 0.00000, 0.00000,239.00000,257.00000, 0.00000, 0.00000, 0.00000, 0.00000, 0.00000, 0.00000, 0.89919, 0.48185, 0.89919, 0.48185, 0.00000, 0.00000, 1.02856, 0.00000, 0.34449,predictions.csv,referrals.csv,results.csv,2020-06-21 21:29:13.529580-04:00,2020-06-21 21:29:13.537656-04:00,0 days 00:00:00.008076000
Version 1.0,sgmm,201712-201806,201712,496,446.00000,50.00000, 0.00000, 0.00000,262.00000,234.00000, 0.00000, 0.00000, 0.00000, 0.00000, 0.00000, 0.00000, 0.89919, 0.52823, 0.89919, 0.52823, 0.00000, 0.00000, 0.96746, 0.00000, 0.31886,predictions.csv,referrals.csv,results.csv,2020-06-21 21:29:13.538641-04:00,2020-06-21 21:29:13.547705-04:00,0 days 00:00:00.009064000
Version 1.0,lin_reg,201601-201607,201601,499,446.00000,50.00000, 3.00000, 0.00000,239.00000,257.00000, 1.00000, 2.00000, 0.00000, 0.00772, 0.00000, 0.66667, 0.89379, 0.48297, 0.44960, 0.57426, 0.00000, 0.01527, 1.06484, 0.67742, 0.35288,predictions2.csv,referrals.csv,results.csv,2020-06-21 21:29:13.729024-04:00,2020-06-21 21:29:13.755278-04:00,0 days 00:00:00.026254000
Version 1.0,rand_forest,201601-201607,201601,499,446.00000,50.00000, 3.00000, 0.00000,242.00000,254.00000, 1.00000, 2.00000, 0.00000, 0.00781, 0.00000, 0.66667, 0.89379, 0.48898, 0.44960, 0.57728, 0.00000, 0.01544, 1.03633, 0.37366, 0.34200,predictions2.csv,referrals.csv,results.csv,2020-06-21 21:29:13.757266-04:00,2020-06-21 21:29:13.766427-04:00,0 days 00:00:00.009161000
Version 1.0,xg_boost,201601-201607,201601,499,446.00000,50.00000, 3.00000, 0.00000,244.00000,252.00000, 2.00000, 1.00000, 0.00000, 0.00395, 0.00000, 0.33333, 0.89379, 0.49098, 0.44960, 0.41263, 0.00000, 0.00781, 0.95829, 0.43280, 0.33071,predictions2.csv,referrals.csv,results.csv,2020-06-21 21:29:13.767395-04:00,2020-06-21 21:29:13.775537-04:00,0 days 00:00:00.008142000
Version 1.0,sgmm,201601-201607,201601,499,447.00000,49.00000, 2.00000, 1.00000,258.00000,238.00000, 0.00000, 3.00000, 0.02000, 0.01245, 0.33333, 1.00000, 0.89780, 0.52305, 0.61727, 0.76008, 0.03774, 0.02459, 0.92405, 0.85820, 0.31278,predictions2.csv,referrals.csv,results.csv,2020-06-21 21:29:13.775537-04:00,2020-06-21 21:29:13.783516-04:00,0 days 00:00:00.007979000
Version 1.0,lin_reg,201602-201608,201602,499,443.00000,50.00000, 6.00000, 0.00000,244.00000,249.00000, 4.00000, 2.00000, 0.00000, 0.00797, 0.00000, 0.33333, 0.88778, 0.49299, 0.44929, 0.41413, 0.00000, 0.01556, 0.97500, 0.37627, 0.32901,predictions2.csv,referrals.csv,results.csv,2020-06-21 21:29:13.935602-04:00,2020-06-21 21:29:13.962303-04:00,0 days 00:00:00.026701000
Version 1.0,rand_forest,201602-201608,201602,499,443.00000,50.00000, 6.00000, 0.00000,256.00000,237.00000, 3.00000, 3.00000, 0.00000, 0.01250, 0.00000, 0.50000, 0.88778, 0.51904, 0.44929, 0.50963, 0.00000, 0.02439, 0.98569, 0.36883, 0.32667,predictions2.csv,referrals.csv,results.csv,2020-06-21 21:29:13.964309-04:00,2020-06-21 21:29:13.972272-04:00,0 days 00:00:00.007963000
Version 1.0,xg_boost,201602-201608,201602,499,443.00000,50.00000, 6.00000, 0.00000,242.00000,251.00000, 5.00000, 1.00000, 0.00000, 0.00397, 0.00000, 0.16667, 0.88778, 0.48697, 0.44929, 0.32877, 0.00000, 0.00775, 0.99408, 0.29986, 0.33544,predictions2.csv,referrals.csv,results.csv,2020-06-21 21:29:13.973283-04:00,2020-06-21 21:29:13.981257-04:00,0 days 00:00:00.007974000
Version 1.0,sgmm,201602-201608,201602,499,443.00000,50.00000, 6.00000, 0.00000,235.00000,258.00000, 4.00000, 2.00000, 0.00000, 0.00769, 0.00000, 0.33333, 0.88778, 0.47495, 0.44929, 0.40500, 0.00000, 0.01504, 1.00171, 0.34145, 0.34155,predictions2.csv,referrals.csv,results.csv,2020-06-21 21:29:13.981257-04:00,2020-06-21 21:29:13.989230-04:00,0 days 00:00:00.007973000
Version 1.0,lin_reg,201603-201609,201603,498,442.00000,50.00000, 6.00000, 0.00000,237.00000,255.00000, 4.00000, 2.00000, 0.00000, 0.00778, 0.00000, 0.33333, 0.88755, 0.47992, 0.44919, 0.40752, 0.00000, 0.01521, 1.04957, 0.38347, 0.34471,predictions2.csv,referrals.csv,results.csv,2020-06-21 21:29:14.142127-04:00,2020-06-21 21:29:14.168211-04:00,0 days 00:00:00.026084000
Version 1.0,rand_forest,201603-201609,201603,498,442.00000,50.00000, 6.00000, 0.00000,253.00000,239.00000, 3.00000, 3.00000, 0.00000, 0.01240, 0.00000, 0.50000, 0.88755, 0.51406, 0.44919, 0.50711, 0.00000, 0.02419, 0.99961, 0.51524, 0.33515,predictions2.csv,referrals.csv,results.csv,2020-06-21 21:29:14.174232-04:00,2020-06-21 21:29:14.182474-04:00,0 days 00:00:00.008242000
Version 1.0,xg_boost,201603-201609,201603,498,443.00000,49.00000, 5.00000, 1.00000,246.00000,246.00000, 3.00000, 3.00000, 0.02000, 0.01205, 0.16667, 0.50000, 0.89157, 0.50000, 0.53354, 0.50000, 0.03571, 0.02353, 0.95363, 0.47459, 0.32648,predictions2.csv,referrals.csv,results.csv,2020-06-21 21:29:14.183480-04:00,2020-06-21 21:29:14.190477-04:00,0 days 00:00:00.006997000
Version 1.0,sgmm,201603-201609,201603,498,443.00000,49.00000, 5.00000, 1.00000,248.00000,244.00000, 3.00000, 3.00000, 0.02000, 0.01215, 0.16667, 0.50000, 0.89157, 0.50402, 0.53354, 0.50203, 0.03571, 0.02372, 1.03810, 0.43056, 0.34485,predictions2.csv,referrals.csv,results.csv,2020-06-21 21:29:14.191458-04:00,2020-06-21 21:29:14.200438-04:00,0 days 00:00:00.008980000
Version 1.0,lin_reg,201604-201610,201604,498,442.00000,50.00000, 6.00000, 0.00000,243.00000,249.00000, 2.00000, 4.00000, 0.00000, 0.01581, 0.00000, 0.66667, 0.88755, 0.49598, 0.44919, 0.58028, 0.00000, 0.03089, 1.01368, 0.52778, 0.33467,predictions2.csv,referrals.csv,results.csv,2020-06-21 21:29:14.353043-04:00,2020-06-21 21:29:14.379004-04:00,0 days 00:00:00.025961000
Version 1.0,rand_forest,201604-201610,201604,498,442.00000,50.00000, 6.00000, 0.00000,258.00000,234.00000, 3.00000, 3.00000, 0.00000, 0.01266, 0.00000, 0.50000, 0.88755, 0.52410, 0.44919, 0.51220, 0.00000, 0.02469, 0.95621, 0.52337, 0.31715,predictions2.csv,referrals.csv,results.csv,2020-06-21 21:29:14.381954-04:00,2020-06-21 21:29:14.390601-04:00,0 days 00:00:00.008647000
Version 1.0,xg_boost,201604-201610,201604,498,442.00000,50.00000, 6.00000, 0.00000,238.00000,254.00000, 3.00000, 3.00000, 0.00000, 0.01167, 0.00000, 0.50000, 0.88755, 0.48394, 0.44919, 0.49187, 0.00000, 0.02281, 1.02920, 0.51186, 0.34886,predictions2.csv,referrals.csv,results.csv,2020-06-21 21:29:14.391607-04:00,2020-06-21 21:29:14.399577-04:00,0 days 00:00:00.007970000
Version 1.0,sgmm,201604-201610,201604,498,442.00000,50.00000, 6.00000, 0.00000,267.00000,225.00000, 2.00000, 4.00000, 0.00000, 0.01747, 0.00000, 0.66667, 0.88755, 0.54418, 0.44919, 0.60467, 0.00000, 0.03404, 0.89872, 0.52744, 0.30222,predictions2.csv,referrals.csv,results.csv,2020-06-21 21:29:14.400560-04:00,2020-06-21 21:29:14.408614-04:00,0 days 00:00:00.008054000
Version 1.0,lin_reg,201605-201611,201605,497,441.00000,50.00000, 6.00000, 0.00000,250.00000,241.00000, 6.00000, 0.00000, 0.00000, 0.00000, 0.00000, 0.00000, 0.88732, 0.50302, 0.44908, 0.25458, 0.00000, 0.00000, 0.97942, 0.35777, 0.32590,predictions2.csv,referrals.csv,results.csv,2020-06-21 21:29:14.565176-04:00,2020-06-21 21:29:14.591107-04:00,0 days 00:00:00.025931000
Version 1.0,rand_forest,201605-201611,201605,497,441.00000,50.00000, 6.00000, 0.00000,237.00000,254.00000, 5.00000, 1.00000, 0.00000, 0.00392, 0.00000, 0.16667, 0.88732, 0.47887, 0.44908, 0.32468, 0.00000, 0.00766, 1.01507, 0.26188, 0.33901,predictions2.csv,referrals.csv,results.csv,2020-06-21 21:29:14.594099-04:00,2020-06-21 21:29:14.603075-04:00,0 days 00:00:00.008976000
Version 1.0,xg_boost,201605-201611,201605,497,441.00000,50.00000, 6.00000, 0.00000,246.00000,245.00000, 1.00000, 5.00000, 0.00000, 0.02000, 0.00000, 0.83333, 0.88732, 0.50503, 0.44908, 0.66718, 0.00000, 0.03906, 0.98744, 0.66124, 0.33091,predictions2.csv,referrals.csv,results.csv,2020-06-21 21:29:14.603075-04:00,2020-06-21 21:29:14.611054-04:00,0 days 00:00:00.007979000
Version 1.0,sgmm,201605-201611,201605,497,441.00000,50.00000, 6.00000, 0.00000,263.00000,228.00000, 3.00000, 3.00000, 0.00000, 0.01299, 0.00000, 0.50000, 0.88732, 0.53521, 0.44908, 0.51782, 0.00000, 0.02532, 0.98665, 0.42702, 0.32395,predictions2.csv,referrals.csv,results.csv,2020-06-21 21:29:14.612051-04:00,2020-06-21 21:29:14.620030-04:00,0 days 00:00:00.007979000
Version 1.0,lin_reg,201606-201612,201606,496,441.00000,50.00000, 5.00000, 0.00000,237.00000,254.00000, 3.00000, 2.00000, 0.00000, 0.00781, 0.00000, 0.40000, 0.88911, 0.48185, 0.44908, 0.44134, 0.00000, 0.01533, 0.99491, 0.51853, 0.33651,predictions2.csv,referrals.csv,results.csv,2020-06-21 21:29:14.778547-04:00,2020-06-21 21:29:14.804478-04:00,0 days 00:00:00.025931000
Version 1.0,rand_forest,201606-201612,201606,496,442.00000,49.00000, 4.00000, 1.00000,239.00000,252.00000, 3.00000, 2.00000, 0.02000, 0.00787, 0.20000, 0.40000, 0.89315, 0.48589, 0.55010, 0.44338, 0.03636, 0.01544, 0.94912, 0.42037, 0.32930,predictions2.csv,referrals.csv,results.csv,2020-06-21 21:29:14.806473-04:00,2020-06-21 21:29:14.814451-04:00,0 days 00:00:00.007978000
Version 1.0,xg_boost,201606-201612,201606,496,442.00000,49.00000, 4.00000, 1.00000,245.00000,246.00000, 3.00000, 2.00000, 0.02000, 0.00806, 0.20000, 0.40000, 0.89315, 0.49798, 0.55010, 0.44949, 0.03636, 0.01581, 0.94510, 0.51365, 0.32423,predictions2.csv,referrals.csv,results.csv,2020-06-21 21:29:14.815448-04:00,2020-06-21 21:29:14.823427-04:00,0 days 00:00:00.007979000
Version 1.0,sgmm,201606-201612,201606,496,442.00000,49.00000, 4.00000, 1.00000,245.00000,246.00000, 2.00000, 3.00000, 0.02000, 0.01205, 0.20000, 0.60000, 0.89315, 0.50000, 0.55010, 0.54949, 0.03636, 0.02362, 1.00273, 0.57637, 0.33431,predictions2.csv,referrals.csv,results.csv,2020-06-21 21:29:14.824424-04:00,2020-06-21 21:29:14.832403-04:00,0 days 00:00:00.007979000
Version 1.0,lin_reg,201607-201701,201607,496,441.00000,49.00000, 5.00000, 1.00000,251.00000,239.00000, 4.00000, 2.00000, 0.02000, 0.00830, 0.16667, 0.33333, 0.89113, 0.51008, 0.53333, 0.42279, 0.03571, 0.01619, 1.00901, 0.45612, 0.33368,predictions2.csv,referrals.csv,results.csv,2020-06-21 21:29:14.983031-04:00,2020-06-21 21:29:15.011991-04:00,0 days 00:00:00.028960000
Version 1.0,rand_forest,201607-201701,201607,496,441.00000,49.00000, 5.00000, 1.00000,255.00000,235.00000, 4.00000, 2.00000, 0.02000, 0.00844, 0.16667, 0.33333, 0.89113, 0.51815, 0.53333, 0.42687, 0.03571, 0.01646, 0.90987, 0.56905, 0.30925,predictions2.csv,referrals.csv,results.csv,2020-06-21 21:29:15.013980-04:00,2020-06-21 21:29:15.021982-04:00,0 days 00:00:00.008002000
Version 1.0,xg_boost,201607-201701,201607,496,440.00000,50.00000, 6.00000, 0.00000,245.00000,245.00000, 3.00000, 3.00000, 0.00000, 0.01210, 0.00000, 0.50000, 0.88710, 0.50000, 0.44898, 0.50000, 0.00000, 0.02362, 0.98305, 0.36701, 0.33291,predictions2.csv,referrals.csv,results.csv,2020-06-21 21:29:15.022969-04:00,2020-06-21 21:29:15.030940-04:00,0 days 00:00:00.007971000
Version 1.0,sgmm,201607-201701,201607,496,442.00000,48.00000, 4.00000, 2.00000,273.00000,217.00000, 3.00000, 3.00000, 0.04000, 0.01364, 0.33333, 0.50000, 0.89516, 0.55645, 0.61769, 0.52857, 0.07143, 0.02655, 0.88649, 0.55340, 0.29871,predictions2.csv,referrals.csv,results.csv,2020-06-21 21:29:15.032024-04:00,2020-06-21 21:29:15.039926-04:00,0 days 00:00:00.007902000
Version 1.0,lin_reg,201608-201702,201608,496,442.00000,48.00000, 4.00000, 2.00000,260.00000,230.00000, 2.00000, 4.00000, 0.04000, 0.01709, 0.33333, 0.66667, 0.89516, 0.53226, 0.61769, 0.59864, 0.07143, 0.03333, 0.93363, 0.62279, 0.30957,predictions2.csv,referrals.csv,results.csv,2020-06-21 21:29:15.208694-04:00,2020-06-21 21:29:15.239534-04:00,0 days 00:00:00.030840000
Version 1.0,rand_forest,201608-201702,201608,496,441.00000,49.00000, 5.00000, 1.00000,273.00000,217.00000, 4.00000, 2.00000, 0.02000, 0.00913, 0.16667, 0.33333, 0.89113, 0.55444, 0.53333, 0.44524, 0.03571, 0.01778, 0.88498, 0.48129, 0.30083,predictions2.csv,referrals.csv,results.csv,2020-06-21 21:29:15.242443-04:00,2020-06-21 21:29:15.251421-04:00,0 days 00:00:00.008978000
Version 1.0,xg_boost,201608-201702,201608,496,440.00000,50.00000, 6.00000, 0.00000,229.00000,261.00000, 3.00000, 3.00000, 0.00000, 0.01136, 0.00000, 0.50000, 0.88710, 0.46774, 0.44898, 0.48367, 0.00000, 0.02222, 1.06175, 0.44626, 0.35622,predictions2.csv,referrals.csv,results.csv,2020-06-21 21:29:15.252465-04:00,2020-06-21 21:29:15.260442-04:00,0 days 00:00:00.007977000
Version 1.0,sgmm,201608-201702,201608,496,442.00000,48.00000, 4.00000, 2.00000,247.00000,243.00000, 2.00000, 4.00000, 0.04000, 0.01619, 0.33333, 0.66667, 0.89516, 0.50605, 0.61769, 0.58537, 0.07143, 0.03162, 0.99843, 0.58435, 0.33099,predictions2.csv,referrals.csv,results.csv,2020-06-21 21:29:15.261445-04:00,2020-06-21 21:29:15.270419-04:00,0 days 00:00:00.008974000
Version 1.0,lin_reg,201609-201703,201609,494,442.00000,49.00000, 2.00000, 1.00000,229.00000,262.00000, 1.00000, 2.00000, 0.02000, 0.00758, 0.33333, 0.66667, 0.89676, 0.46761, 0.61677, 0.56653, 0.03774, 0.01498, 1.02902, 0.60828, 0.34567,predictions2.csv,referrals.csv,results.csv,2020-06-21 21:29:15.436338-04:00,2020-06-21 21:29:15.462268-04:00,0 days 00:00:00.025930000
Version 1.0,rand_forest,201609-201703,201609,494,441.00000,50.00000, 3.00000, 0.00000,225.00000,266.00000, 1.00000, 2.00000, 0.00000, 0.00746, 0.00000, 0.66667, 0.89271, 0.45951, 0.44908, 0.56246, 0.00000, 0.01476, 1.07645, 0.47115, 0.35639,predictions2.csv,referrals.csv,results.csv,2020-06-21 21:29:15.464263-04:00,2020-06-21 21:29:15.472252-04:00,0 days 00:00:00.007989000
Version 1.0,xg_boost,201609-201703,201609,494,441.00000,50.00000, 3.00000, 0.00000,251.00000,240.00000, 1.00000, 2.00000, 0.00000, 0.00826, 0.00000, 0.66667, 0.89271, 0.51215, 0.44908, 0.58893, 0.00000, 0.01633, 1.00953, 0.58045, 0.33704,predictions2.csv,referrals.csv,results.csv,2020-06-21 21:29:15.473239-04:00,2020-06-21 21:29:15.480220-04:00,0 days 00:00:00.006981000
Version 1.0,sgmm,201609-201703,201609,494,441.00000,50.00000, 3.00000, 0.00000,210.00000,281.00000, 3.00000, 0.00000, 0.00000, 0.00000, 0.00000, 0.00000, 0.89271, 0.42510, 0.44908, 0.21385, 0.00000, 0.00000, 1.10819, 0.20978, 0.37421,predictions2.csv,referrals.csv,results.csv,2020-06-21 21:29:15.481218-04:00,2020-06-21 21:29:15.489196-04:00,0 days 00:00:00.007978000
Version 1.0,lin_reg,201610-201704,201610,493,440.00000,48.00000, 3.00000, 2.00000,254.00000,234.00000, 1.00000, 4.00000, 0.04000, 0.01681, 0.40000, 0.80000, 0.89655, 0.52333, 0.65082, 0.66025, 0.07273, 0.03292, 0.91864, 0.75984, 0.31182,predictions2.csv,referrals.csv,results.csv,2020-06-21 21:29:15.640448-04:00,2020-06-21 21:29:15.671407-04:00,0 days 00:00:00.030959000
Version 1.0,rand_forest,201610-201704,201610,493,438.00000,50.00000, 5.00000, 0.00000,232.00000,256.00000, 4.00000, 1.00000, 0.00000, 0.00389, 0.00000, 0.20000, 0.88844, 0.47262, 0.44877, 0.33770, 0.00000, 0.00763, 1.04146, 0.31885, 0.34914,predictions2.csv,referrals.csv,results.csv,2020-06-21 21:29:15.674393-04:00,2020-06-21 21:29:15.683401-04:00,0 days 00:00:00.009008000
Version 1.0,xg_boost,201610-201704,201610,493,438.00000,50.00000, 5.00000, 0.00000,250.00000,238.00000, 3.00000, 2.00000, 0.00000, 0.00833, 0.00000, 0.40000, 0.88844, 0.51116, 0.44877, 0.45615, 0.00000, 0.01633, 0.94756, 0.46516, 0.31759,predictions2.csv,referrals.csv,results.csv,2020-06-21 21:29:15.684385-04:00,2020-06-21 21:29:15.692358-04:00,0 days 00:00:00.007973000
Version 1.0,sgmm,201610-201704,201610,493,438.00000,50.00000, 5.00000, 0.00000,255.00000,233.00000, 5.00000, 0.00000, 0.00000, 0.00000, 0.00000, 0.00000, 0.88844, 0.51724, 0.44877, 0.26127, 0.00000, 0.00000, 0.94047, 0.27848, 0.31988,predictions2.csv,referrals.csv,results.csv,2020-06-21 21:29:15.693349-04:00,2020-06-21 21:29:15.701335-04:00,0 days 00:00:00.007986000
Version 1.0,lin_reg,201611-201705,201611,494,439.00000,50.00000, 5.00000, 0.00000,228.00000,261.00000, 0.00000, 5.00000, 0.00000, 0.01880, 0.00000, 1.00000, 0.88866, 0.47166, 0.44888, 0.73313, 0.00000, 0.03690, 1.01565, 0.64949, 0.33995,predictions2.csv,referrals.csv,results.csv,2020-06-21 21:29:15.855528-04:00,2020-06-21 21:29:15.879464-04:00,0 days 00:00:00.023936000
Version 1.0,rand_forest,201611-201705,201611,494,439.00000,50.00000, 5.00000, 0.00000,258.00000,231.00000, 4.00000, 1.00000, 0.00000, 0.00431, 0.00000, 0.20000, 0.88866, 0.52429, 0.44888, 0.36380, 0.00000, 0.00844, 0.96724, 0.40123, 0.32323,predictions2.csv,referrals.csv,results.csv,2020-06-21 21:29:15.881459-04:00,2020-06-21 21:29:15.889437-04:00,0 days 00:00:00.007978000
Version 1.0,xg_boost,201611-201705,201611,494,440.00000,49.00000, 4.00000, 1.00000,233.00000,256.00000, 2.00000, 3.00000, 0.02000, 0.01158, 0.20000, 0.60000, 0.89271, 0.47773, 0.54990, 0.53824, 0.03636, 0.02273, 1.05893, 0.50143, 0.34841,predictions2.csv,referrals.csv,results.csv,2020-06-21 21:29:15.890435-04:00,2020-06-21 21:29:15.897416-04:00,0 days 00:00:00.006981000
Version 1.0,sgmm,201611-201705,201611,494,439.00000,50.00000, 5.00000, 0.00000,233.00000,256.00000, 0.00000, 5.00000, 0.00000, 0.01916, 0.00000, 1.00000, 0.88866, 0.48178, 0.44888, 0.73824, 0.00000, 0.03759, 0.99723, 0.74233, 0.33852,predictions2.csv,referrals.csv,results.csv,2020-06-21 21:29:15.898413-04:00,2020-06-21 21:29:15.905395-04:00,0 days 00:00:00.006982000
Version 1.0,lin_reg,201612-201706,201612,494,440.00000,50.00000, 4.00000, 0.00000,226.00000,264.00000, 4.00000, 0.00000, 0.00000, 0.00000, 0.00000, 0.00000, 0.89069, 0.45749, 0.44898, 0.23061, 0.00000, 0.00000, 1.06694, 0.21684, 0.36150,predictions2.csv,referrals.csv,results.csv,2020-06-21 21:29:16.051563-04:00,2020-06-21 21:29:16.076506-04:00,0 days 00:00:00.024943000
Version 1.0,rand_forest,201612-201706,201612,494,440.00000,50.00000, 4.00000, 0.00000,239.00000,251.00000, 3.00000, 1.00000, 0.00000, 0.00397, 0.00000, 0.25000, 0.89069, 0.48583, 0.44898, 0.36888, 0.00000, 0.00781, 1.01512, 0.37806, 0.34741,predictions2.csv,referrals.csv,results.csv,2020-06-21 21:29:16.081371-04:00,2020-06-21 21:29:16.093884-04:00,0 days 00:00:00.012513000
Version 1.0,xg_boost,201612-201706,201612,494,440.00000,50.00000, 4.00000, 0.00000,256.00000,234.00000, 2.00000, 2.00000, 0.00000, 0.00847, 0.00000, 0.50000, 0.89069, 0.52227, 0.44898, 0.51122, 0.00000, 0.01667, 0.93021, 0.54439, 0.31620,predictions2.csv,referrals.csv,results.csv,2020-06-21 21:29:16.094866-04:00,2020-06-21 21:29:16.103847-04:00,0 days 00:00:00.008981000
Version 1.0,sgmm,201612-201706,201612,494,440.00000,50.00000, 4.00000, 0.00000,254.00000,236.00000, 2.00000, 2.00000, 0.00000, 0.00840, 0.00000, 0.50000, 0.89069, 0.51822, 0.44898, 0.50918, 0.00000, 0.01653, 0.92305, 0.56582, 0.31800,predictions2.csv,referrals.csv,results.csv,2020-06-21 21:29:16.103847-04:00,2020-06-21 21:29:16.111822-04:00,0 days 00:00:00.007975000
Version 1.0,lin_reg,201701-201707,201701,494,441.00000,49.00000, 3.00000, 1.00000,244.00000,246.00000, 1.00000, 3.00000, 0.02000, 0.01205, 0.25000, 0.75000, 0.89474, 0.50000, 0.57500, 0.62398, 0.03704, 0.02372, 1.01242, 0.60867, 0.33752,predictions2.csv,referrals.csv,results.csv,2020-06-21 21:29:16.272842-04:00,2020-06-21 21:29:16.297778-04:00,0 days 00:00:00.024936000
Version 1.0,rand_forest,201701-201707,201701,494,441.00000,49.00000, 3.00000, 1.00000,249.00000,241.00000, 3.00000, 1.00000, 0.02000, 0.00413, 0.25000, 0.25000, 0.89474, 0.50607, 0.57500, 0.37908, 0.03704, 0.00813, 0.98256, 0.36888, 0.33307,predictions2.csv,referrals.csv,results.csv,2020-06-21 21:29:16.300770-04:00,2020-06-21 21:29:16.307760-04:00,0 days 00:00:00.006990000
Version 1.0,xg_boost,201701-201707,201701,494,441.00000,49.00000, 3.00000, 1.00000,254.00000,236.00000, 2.00000, 2.00000, 0.02000, 0.00840, 0.25000, 0.50000, 0.89474, 0.51822, 0.57500, 0.50918, 0.03704, 0.01653, 0.95964, 0.64388, 0.32115,predictions2.csv,referrals.csv,results.csv,2020-06-21 21:29:16.308760-04:00,2020-06-21 21:29:16.316768-04:00,0 days 00:00:00.008008000
Version 1.0,sgmm,201701-201707,201701,494,440.00000,50.00000, 4.00000, 0.00000,261.00000,229.00000, 2.00000, 2.00000, 0.00000, 0.00866, 0.00000, 0.50000, 0.89069, 0.53239, 0.44898, 0.51633, 0.00000, 0.01702, 0.98363, 0.56990, 0.31830,predictions2.csv,referrals.csv,results.csv,2020-06-21 21:29:16.316768-04:00,2020-06-21 21:29:16.324739-04:00,0 days 00:00:00.007971000
Version 1.0,lin_reg,201702-201708,201702,493,438.00000,50.00000, 5.00000, 0.00000,246.00000,242.00000, 2.00000, 3.00000, 0.00000, 0.01224, 0.00000, 0.60000, 0.88844, 0.50507, 0.44877, 0.55205, 0.00000, 0.02400, 1.02153, 0.48033, 0.33649,predictions2.csv,referrals.csv,results.csv,2020-06-21 21:29:16.479140-04:00,2020-06-21 21:29:16.505317-04:00,0 days 00:00:00.026177000
Version 1.0,rand_forest,201702-201708,201702,493,438.00000,50.00000, 5.00000, 0.00000,268.00000,220.00000, 2.00000, 3.00000, 0.00000, 0.01345, 0.00000, 0.60000, 0.88844, 0.54970, 0.44877, 0.57459, 0.00000, 0.02632, 0.88647, 0.57623, 0.30052,predictions2.csv,referrals.csv,results.csv,2020-06-21 21:29:16.507304-04:00,2020-06-21 21:29:16.516311-04:00,0 days 00:00:00.009007000
Version 1.0,xg_boost,201702-201708,201702,493,440.00000,48.00000, 3.00000, 2.00000,249.00000,239.00000, 0.00000, 5.00000, 0.04000, 0.02049, 0.40000, 1.00000, 0.89655, 0.51521, 0.65082, 0.75512, 0.07273, 0.04016, 0.94740, 0.81230, 0.31501,predictions2.csv,referrals.csv,results.csv,2020-06-21 21:29:16.517298-04:00,2020-06-21 21:29:16.525269-04:00,0 days 00:00:00.007971000
Version 1.0,sgmm,201702-201708,201702,493,438.00000,50.00000, 5.00000, 0.00000,220.00000,268.00000, 2.00000, 3.00000, 0.00000, 0.01107, 0.00000, 0.60000, 0.88844, 0.45233, 0.44877, 0.52541, 0.00000, 0.02174, 1.08004, 0.51066, 0.35989,predictions2.csv,referrals.csv,results.csv,2020-06-21 21:29:16.526262-04:00,2020-06-21 21:29:16.534259-04:00,0 days 00:00:00.007997000
Version 1.0,lin_reg,201703-201709,201703,496,440.00000,50.00000, 6.00000, 0.00000,242.00000,248.00000, 2.00000, 4.00000, 0.00000, 0.01587, 0.00000, 0.66667, 0.88710, 0.49597, 0.44898, 0.58027, 0.00000, 0.03101, 0.94699, 0.62449, 0.32162,predictions2.csv,referrals.csv,results.csv,2020-06-21 21:29:16.693889-04:00,2020-06-21 21:29:16.719819-04:00,0 days 00:00:00.025930000
Version 1.0,rand_forest,201703-201709,201703,496,440.00000,50.00000, 6.00000, 0.00000,253.00000,237.00000, 4.00000, 2.00000, 0.00000, 0.00837, 0.00000, 0.33333, 0.88710, 0.51411, 0.44898, 0.42483, 0.00000, 0.01633, 0.93192, 0.47381, 0.31634,predictions2.csv,referrals.csv,results.csv,2020-06-21 21:29:16.722815-04:00,2020-06-21 21:29:16.731807-04:00,0 days 00:00:00.008992000
Version 1.0,xg_boost,201703-201709,201703,496,442.00000,48.00000, 4.00000, 2.00000,244.00000,246.00000, 3.00000, 3.00000, 0.04000, 0.01205, 0.33333, 0.50000, 0.89516, 0.49798, 0.61769, 0.49898, 0.07143, 0.02353, 1.00624, 0.50714, 0.33706,predictions2.csv,referrals.csv,results.csv,2020-06-21 21:29:16.732819-04:00,2020-06-21 21:29:16.740777-04:00,0 days 00:00:00.007958000
Version 1.0,sgmm,201703-201709,201703,496,441.00000,49.00000, 5.00000, 1.00000,251.00000,239.00000, 2.00000, 4.00000, 0.02000, 0.01646, 0.16667, 0.66667, 0.89113, 0.51411, 0.53333, 0.58946, 0.03571, 0.03213, 0.99037, 0.58639, 0.32927,predictions2.csv,referrals.csv,results.csv,2020-06-21 21:29:16.740777-04:00,2020-06-21 21:29:16.748773-04:00,0 days 00:00:00.007996000
Version 1.0,lin_reg,201704-201710,201704,497,443.00000,48.00000, 4.00000, 2.00000,263.00000,228.00000, 3.00000, 3.00000, 0.04000, 0.01299, 0.33333, 0.50000, 0.89537, 0.53521, 0.61779, 0.51782, 0.07143, 0.02532, 0.96311, 0.57943, 0.31665,predictions2.csv,referrals.csv,results.csv,2020-06-21 21:29:16.938021-04:00,2020-06-21 21:29:16.972927-04:00,0 days 00:00:00.034906000
Version 1.0,rand_forest,201704-201710,201704,497,442.00000,49.00000, 5.00000, 1.00000,237.00000,254.00000, 2.00000, 4.00000, 0.02000, 0.01550, 0.16667, 0.66667, 0.89135, 0.48491, 0.53344, 0.57468, 0.03571, 0.03030, 0.95774, 0.64358, 0.33170,predictions2.csv,referrals.csv,results.csv,2020-06-21 21:29:16.976917-04:00,2020-06-21 21:29:16.988885-04:00,0 days 00:00:00.011968000
Version 1.0,xg_boost,201704-201710,201704,497,442.00000,49.00000, 5.00000, 1.00000,253.00000,238.00000, 0.00000, 6.00000, 0.02000, 0.02459, 0.16667, 1.00000, 0.89135, 0.52113, 0.53344, 0.75764, 0.03571, 0.04800, 0.98153, 0.68432, 0.32645,predictions2.csv,referrals.csv,results.csv,2020-06-21 21:29:16.989882-04:00,2020-06-21 21:29:17.000853-04:00,0 days 00:00:00.010971000
Version 1.0,sgmm,201704-201710,201704,497,441.00000,50.00000, 6.00000, 0.00000,232.00000,259.00000, 3.00000, 3.00000, 0.00000, 0.01145, 0.00000, 0.50000, 0.88732, 0.47284, 0.44908, 0.48625, 0.00000, 0.02239, 1.02490, 0.45078, 0.34383,predictions2.csv,referrals.csv,results.csv,2020-06-21 21:29:17.001850-04:00,2020-06-21 21:29:17.012820-04:00,0 days 00:00:00.010970000
Version 1.0,lin_reg,201705-201711,201705,494,442.00000,49.00000, 2.00000, 1.00000,247.00000,244.00000, 1.00000, 2.00000, 0.02000, 0.00813, 0.33333, 0.66667, 0.89676, 0.50405, 0.61677, 0.58486, 0.03774, 0.01606, 0.99514, 0.64019, 0.33702,predictions2.csv,referrals.csv,results.csv,2020-06-21 21:29:17.191495-04:00,2020-06-21 21:29:17.217439-04:00,0 days 00:00:00.025944000
Version 1.0,rand_forest,201705-201711,201705,494,441.00000,50.00000, 3.00000, 0.00000,236.00000,255.00000, 3.00000, 0.00000, 0.00000, 0.00000, 0.00000, 0.00000, 0.89271, 0.47773, 0.44908, 0.24033, 0.00000, 0.00000, 0.98485, 0.29396, 0.33695,predictions2.csv,referrals.csv,results.csv,2020-06-21 21:29:17.219444-04:00,2020-06-21 21:29:17.227448-04:00,0 days 00:00:00.008004000
Version 1.0,xg_boost,201705-201711,201705,494,441.00000,50.00000, 3.00000, 0.00000,244.00000,247.00000, 1.00000, 2.00000, 0.00000, 0.00803, 0.00000, 0.66667, 0.89271, 0.49798, 0.44908, 0.58181, 0.00000, 0.01587, 1.01508, 0.50170, 0.33605,predictions2.csv,referrals.csv,results.csv,2020-06-21 21:29:17.228439-04:00,2020-06-21 21:29:17.237576-04:00,0 days 00:00:00.009137000
Version 1.0,sgmm,201705-201711,201705,494,442.00000,49.00000, 2.00000, 1.00000,264.00000,227.00000, 1.00000, 2.00000, 0.02000, 0.00873, 0.33333, 0.66667, 0.89676, 0.53846, 0.61677, 0.60217, 0.03774, 0.01724, 0.91874, 0.66327, 0.30960,predictions2.csv,referrals.csv,results.csv,2020-06-21 21:29:17.238564-04:00,2020-06-21 21:29:17.246578-04:00,0 days 00:00:00.008014000
Version 1.0,lin_reg,201706-201712,201706,495,443.00000,49.00000, 2.00000, 1.00000,247.00000,245.00000, 1.00000, 2.00000, 0.02000, 0.00810, 0.33333, 0.66667, 0.89697, 0.50303, 0.61687, 0.58435, 0.03774, 0.01600, 1.00736, 0.58062, 0.33504,predictions2.csv,referrals.csv,results.csv,2020-06-21 21:29:17.402214-04:00,2020-06-21 21:29:17.428315-04:00,0 days 00:00:00.026101000
Version 1.0,rand_forest,201706-201712,201706,495,442.00000,50.00000, 3.00000, 0.00000,239.00000,253.00000, 3.00000, 0.00000, 0.00000, 0.00000, 0.00000, 0.00000, 0.89293, 0.48283, 0.44919, 0.24289, 0.00000, 0.00000, 1.02284, 0.19106, 0.33876,predictions2.csv,referrals.csv,results.csv,2020-06-21 21:29:17.430302-04:00,2020-06-21 21:29:17.438392-04:00,0 days 00:00:00.008090000
Version 1.0,xg_boost,201706-201712,201706,495,442.00000,50.00000, 3.00000, 0.00000,233.00000,259.00000, 2.00000, 1.00000, 0.00000, 0.00385, 0.00000, 0.33333, 0.89293, 0.47273, 0.44919, 0.40346, 0.00000, 0.00760, 1.06578, 0.36247, 0.34974,predictions2.csv,referrals.csv,results.csv,2020-06-21 21:29:17.439394-04:00,2020-06-21 21:29:17.448922-04:00,0 days 00:00:00.009528000
Version 1.0,sgmm,201706-201712,201706,495,442.00000,50.00000, 3.00000, 0.00000,253.00000,239.00000, 3.00000, 0.00000, 0.00000, 0.00000, 0.00000, 0.00000, 0.89293, 0.51111, 0.44919, 0.25711, 0.00000, 0.00000, 0.96646, 0.34146, 0.32276,predictions2.csv,referrals.csv,results.csv,2020-06-21 21:29:17.449918-04:00,2020-06-21 21:29:17.457903-04:00,0 days 00:00:00.007985000
Version 1.0,lin_reg,201707-201801,201707,495,442.00000,50.00000, 3.00000, 0.00000,235.00000,257.00000, 2.00000, 1.00000, 0.00000, 0.00388, 0.00000, 0.33333, 0.89293, 0.47677, 0.44919, 0.40549, 0.00000, 0.00766, 1.06097, 0.27981, 0.34953,predictions2.csv,referrals.csv,results.csv,2020-06-21 21:29:17.615591-04:00,2020-06-21 21:29:17.645426-04:00,0 days 00:00:00.029835000
Version 1.0,rand_forest,201707-201801,201707,495,442.00000,50.00000, 3.00000, 0.00000,255.00000,237.00000, 2.00000, 1.00000, 0.00000, 0.00420, 0.00000, 0.33333, 0.89293, 0.51717, 0.44919, 0.42581, 0.00000, 0.00830, 0.98401, 0.46477, 0.32102,predictions2.csv,referrals.csv,results.csv,2020-06-21 21:29:17.648392-04:00,2020-06-21 21:29:17.657151-04:00,0 days 00:00:00.008759000
Version 1.0,xg_boost,201707-201801,201707,495,442.00000,50.00000, 3.00000, 0.00000,238.00000,254.00000, 1.00000, 2.00000, 0.00000, 0.00781, 0.00000, 0.66667, 0.89293, 0.48485, 0.44919, 0.57520, 0.00000, 0.01544, 1.03836, 0.64973, 0.34412,predictions2.csv,referrals.csv,results.csv,2020-06-21 21:29:17.657151-04:00,2020-06-21 21:29:17.665110-04:00,0 days 00:00:00.007959000
Version 1.0,sgmm,201707-201801,201707,495,442.00000,50.00000, 3.00000, 0.00000,250.00000,242.00000, 2.00000, 1.00000, 0.00000, 0.00412, 0.00000, 0.33333, 0.89293, 0.50707, 0.44919, 0.42073, 0.00000, 0.00813, 1.00993, 0.36314, 0.34347,predictions2.csv,referrals.csv,results.csv,2020-06-21 21:29:17.666069-04:00,2020-06-21 21:29:17.677502-04:00,0 days 00:00:00.011433000
Version 1.0,lin_reg,201708-201802,201708,496,443.00000,50.00000, 3.00000, 0.00000,249.00000,244.00000, 2.00000, 1.00000, 0.00000, 0.00408, 0.00000, 0.33333, 0.89315, 0.50403, 0.44929, 0.41920, 0.00000, 0.00806, 1.00624, 0.35159, 0.33774,predictions2.csv,referrals.csv,results.csv,2020-06-21 21:29:17.830857-04:00,2020-06-21 21:29:17.855848-04:00,0 days 00:00:00.024991000
Version 1.0,rand_forest,201708-201802,201708,496,443.00000,50.00000, 3.00000, 0.00000,246.00000,247.00000, 2.00000, 1.00000, 0.00000, 0.00403, 0.00000, 0.33333, 0.89315, 0.49798, 0.44929, 0.41616, 0.00000, 0.00797, 1.00161, 0.51116, 0.33131,predictions2.csv,referrals.csv,results.csv,2020-06-21 21:29:17.858814-04:00,2020-06-21 21:29:17.865846-04:00,0 days 00:00:00.007032000
Version 1.0,xg_boost,201708-201802,201708,496,444.00000,49.00000, 2.00000, 1.00000,250.00000,243.00000, 1.00000, 2.00000, 0.02000, 0.00816, 0.33333, 0.66667, 0.89718, 0.50806, 0.61697, 0.58688, 0.03774, 0.01613, 0.98982, 0.64097, 0.32475,predictions2.csv,referrals.csv,results.csv,2020-06-21 21:29:17.866826-04:00,2020-06-21 21:29:17.874832-04:00,0 days 00:00:00.008006000
Version 1.0,sgmm,201708-201802,201708,496,443.00000,50.00000, 3.00000, 0.00000,254.00000,239.00000, 2.00000, 1.00000, 0.00000, 0.00417, 0.00000, 0.33333, 0.89315, 0.51411, 0.44929, 0.42427, 0.00000, 0.00823, 0.97079, 0.41447, 0.32791,predictions2.csv,referrals.csv,results.csv,2020-06-21 21:29:17.874832-04:00,2020-06-21 21:29:17.883798-04:00,0 days 00:00:00.008966000
Version 1.0,lin_reg,201709-201803,201709,494,443.00000,50.00000, 1.00000, 0.00000,239.00000,254.00000, 0.00000, 1.00000, 0.00000, 0.00392, 0.00000, 1.00000, 0.89676, 0.48583, 0.44929, 0.74239, 0.00000, 0.00781, 0.99251, 0.81744, 0.33238,predictions2.csv,referrals.csv,results.csv,2020-06-21 21:29:18.042851-04:00,2020-06-21 21:29:18.070775-04:00,0 days 00:00:00.027924000
Version 1.0,rand_forest,201709-201803,201709,494,443.00000,50.00000, 1.00000, 0.00000,246.00000,247.00000, 1.00000, 0.00000, 0.00000, 0.00000, 0.00000, 0.00000, 0.89676, 0.49798, 0.44929, 0.24949, 0.00000, 0.00000, 0.97754, 0.32049, 0.33147,predictions2.csv,referrals.csv,results.csv,2020-06-21 21:29:18.073767-04:00,2020-06-21 21:29:18.081748-04:00,0 days 00:00:00.007981000
Version 1.0,xg_boost,201709-201803,201709,494,443.00000,50.00000, 1.00000, 0.00000,238.00000,255.00000, 0.00000, 1.00000, 0.00000, 0.00391, 0.00000, 1.00000, 0.89676, 0.48381, 0.44929, 0.74138, 0.00000, 0.00778, 1.00279, 0.73022, 0.34082,predictions2.csv,referrals.csv,results.csv,2020-06-21 21:29:18.082743-04:00,2020-06-21 21:29:18.090721-04:00,0 days 00:00:00.007978000
Version 1.0,sgmm,201709-201803,201709,494,443.00000,50.00000, 1.00000, 0.00000,246.00000,247.00000, 0.00000, 1.00000, 0.00000, 0.00403, 0.00000, 1.00000, 0.89676, 0.50000, 0.44929, 0.74949, 0.00000, 0.00803, 1.01731, 0.76268, 0.33273,predictions2.csv,referrals.csv,results.csv,2020-06-21 21:29:18.091719-04:00,2020-06-21 21:29:18.100695-04:00,0 days 00:00:00.008976000
Version 1.0,lin_reg,201710-201804,201710,493,443.00000,50.00000, 0.00000, 0.00000,243.00000,250.00000, 0.00000, 0.00000, 0.00000, 0.00000, 0.00000, 0.00000, 0.89858, 0.49290, 0.89858, 0.49290, 0.00000, 0.00000, 0.97385, 0.00000, 0.32229,predictions2.csv,referrals.csv,results.csv,2020-06-21 21:29:18.258369-04:00,2020-06-21 21:29:18.284380-04:00,0 days 00:00:00.026011000
Version 1.0,rand_forest,201710-201804,201710,493,443.00000,50.00000, 0.00000, 0.00000,250.00000,243.00000, 0.00000, 0.00000, 0.00000, 0.00000, 0.00000, 0.00000, 0.89858, 0.50710, 0.89858, 0.50710, 0.00000, 0.00000, 0.98923, 0.00000, 0.33248,predictions2.csv,referrals.csv,results.csv,2020-06-21 21:29:18.287358-04:00,2020-06-21 21:29:18.295292-04:00,0 days 00:00:00.007934000
Version 1.0,xg_boost,201710-201804,201710,493,443.00000,50.00000, 0.00000, 0.00000,246.00000,247.00000, 0.00000, 0.00000, 0.00000, 0.00000, 0.00000, 0.00000, 0.89858, 0.49899, 0.89858, 0.49899, 0.00000, 0.00000, 0.97613, 0.00000, 0.32795,predictions2.csv,referrals.csv,results.csv,2020-06-21 21:29:18.296289-04:00,2020-06-21 21:29:18.304244-04:00,0 days 00:00:00.007955000
Version 1.0,sgmm,201710-201804,201710,493,443.00000,50.00000, 0.00000, 0.00000,241.00000,252.00000, 0.00000, 0.00000, 0.00000, 0.00000, 0.00000, 0.00000, 0.89858, 0.48884, 0.89858, 0.48884, 0.00000, 0.00000, 0.98860, 0.00000, 0.33089,predictions2.csv,referrals.csv,results.csv,2020-06-21 21:29:18.304244-04:00,2020-06-21 21:29:18.313244-04:00,0 days 00:00:00.009000000
Version 1.0,lin_reg,201711-201805,201711,496,446.00000,50.00000, 0.00000, 0.00000,256.00000,240.00000, 0.00000, 0.00000, 0.00000, 0.00000, 0.00000, 0.00000, 0.89919, 0.51613, 0.89919, 0.51613, 0.00000, 0.00000, 0.92696, 0.00000, 0.31789,predictions2.csv,referrals.csv,results.csv,2020-06-21 21:29:18.464816-04:00,2020-06-21 21:29:18.489743-04:00,0 days 00:00:00.024927000
Version 1.0,rand_forest,201711-201805,201711,496,446.00000,50.00000, 0.00000, 0.00000,238.00000,258.00000, 0.00000, 0.00000, 0.00000, 0.00000, 0.00000, 0.00000, 0.89919, 0.47984, 0.89919, 0.47984, 0.00000, 0.00000, 1.01762, 0.00000, 0.33770,predictions2.csv,referrals.csv,results.csv,2020-06-21 21:29:18.492701-04:00,2020-06-21 21:29:18.500679-04:00,0 days 00:00:00.007978000
Version 1.0,xg_boost,201711-201805,201711,496,446.00000,50.00000, 0.00000, 0.00000,252.00000,244.00000, 0.00000, 0.00000, 0.00000, 0.00000, 0.00000, 0.00000, 0.89919, 0.50806, 0.89919, 0.50806, 0.00000, 0.00000, 0.99060, 0.00000, 0.33110,predictions2.csv,referrals.csv,results.csv,2020-06-21 21:29:18.500679-04:00,2020-06-21 21:29:18.508689-04:00,0 days 00:00:00.008010000
Version 1.0,sgmm,201711-201805,201711,496,446.00000,50.00000, 0.00000, 0.00000,224.00000,272.00000, 0.00000, 0.00000, 0.00000, 0.00000, 0.00000, 0.00000, 0.89919, 0.45161, 0.89919, 0.45161, 0.00000, 0.00000, 1.11073, 0.00000, 0.36647,predictions2.csv,referrals.csv,results.csv,2020-06-21 21:29:18.509669-04:00,2020-06-21 21:29:18.517648-04:00,0 days 00:00:00.007979000
Version 1.0,lin_reg,201712-201806,201712,496,446.00000,50.00000, 0.00000, 0.00000,237.00000,259.00000, 0.00000, 0.00000, 0.00000, 0.00000, 0.00000, 0.00000, 0.89919, 0.47782, 0.89919, 0.47782, 0.00000, 0.00000, 0.99847, 0.00000, 0.33520,predictions2.csv,referrals.csv,results.csv,2020-06-21 21:29:18.662407-04:00,2020-06-21 21:29:18.693452-04:00,0 days 00:00:00.031045000
Version 1.0,rand_forest,201712-201806,201712,496,446.00000,50.00000, 0.00000, 0.00000,269.00000,227.00000, 0.00000, 0.00000, 0.00000, 0.00000, 0.00000, 0.00000, 0.89919, 0.54234, 0.89919, 0.54234, 0.00000, 0.00000, 0.96828, 0.00000, 0.31918,predictions2.csv,referrals.csv,results.csv,2020-06-21 21:29:18.695467-04:00,2020-06-21 21:29:18.703432-04:00,0 days 00:00:00.007965000
Version 1.0,xg_boost,201712-201806,201712,496,446.00000,50.00000, 0.00000, 0.00000,239.00000,257.00000, 0.00000, 0.00000, 0.00000, 0.00000, 0.00000, 0.00000, 0.89919, 0.48185, 0.89919, 0.48185, 0.00000, 0.00000, 1.02856, 0.00000, 0.34449,predictions2.csv,referrals.csv,results.csv,2020-06-21 21:29:18.704437-04:00,2020-06-21 21:29:18.712408-04:00,0 days 00:00:00.007971000
Version 1.0,sgmm,201712-201806,201712,496,446.00000,50.00000, 0.00000, 0.00000,262.00000,234.00000, 0.00000, 0.00000, 0.00000, 0.00000, 0.00000, 0.00000, 0.89919, 0.52823, 0.89919, 0.52823, 0.00000, 0.00000, 0.96746, 0.00000, 0.31886,predictions2.csv,referrals.csv,results.csv,2020-06-21 21:29:18.713419-04:00,2020-06-21 21:29:18.720384-04:00,0 days 00:00:00.006965000
